id,name,1516,1617,1718,1819,1920,2021,2122,2223
647,Harry Kane,0,0,0,0,0,0,0,0
619,Sergio Agüero,0,0,0,0,0,0,0,0
755,Jamie Vardy,0,0,0,0,0,0,0,0
594,Romelu Lukaku,0,0,0,0,0,0,0,0
750,Riyad Mahrez,0,0,0,0,0,0,0,0
502,Olivier Giroud,0,0,0,0,0,0,0,0
573,Odion Ighalo,0,0,0,0,0,0,0,0
735,Jermain Defoe,0,0,0,0,0,0,0,0
498,Alexis Sánchez,0,0,0,0,0,0,0,0
574,Troy Deeney,0,0,0,0,0,0,0,0
713,André Ayew,0,0,0,0,0,0,0,0
802,Diego Costa,0,0,0,0,0,0,0,0
553,Anthony Martial,0,0,0,0,0,0,0,0
714,Gylfi Sigurdsson,0,0,0,0,0,0,0,0
771,Georginio Wijnaldum,0,0,0,0,0,0,0,0
838,Sadio Mané,0,0,0,0,0,0,0,0
841,Graziano Pellè,0,0,0,0,0,0,0,0
865,Marko Arnautovic,0,0,0,0,0,0,0,0
482,Roberto Firmino,0,0,0,0,0,0,0,0
645,Dele Alli,0,0,0,0,0,0,0,0
839,Shane Long,0,0,0,0,0,0,0,0
536,Dimitri Payet,0,0,0,0,0,0,0,0
537,Andy Carroll,0,0,0,0,0,0,0,0
606,Christian Benteke,0,0,0,0,0,0,0,0
773,Aleksandar Mitrovic,0,0,0,0,0,0,0,0
813,Salomón Rondón,0,0,0,0,0,0,0,0
483,Daniel Sturridge,0,0,0,0,0,0,0,0
488,Philippe Coutinho,0,0,0,0,0,0,0,0
531,Michail Antonio,0,0,0,0,0,0,0,0
592,Ross Barkley,0,0,0,0,0,0,0,0
620,Kelechi Iheanacho,0,0,0,0,0,0,0,0
629,Wayne Rooney,0,0,0,0,0,0,0,0
447,Kevin De Bruyne,0,0,0,0,0,0,0,0
533,Mark Noble,0,0,0,0,0,0,0,0
672,Jordan Ayew,0,0,0,0,0,0,0,0
687,Pedro,0,0,0,0,0,0,0,0
795,Dieumerci Mbokani,0,0,0,0,0,0,0,0
840,Dusan Tadic,0,0,0,0,0,0,0,0
871,Bojan,0,0,0,0,0,0,0,0
465,Joshua King,0,0,0,0,0,0,0,0
499,Mesut Özil,0,0,0,0,0,0,0,0
535,Manuel Lanzini,0,0,0,0,0,0,0,0
554,Juan Mata,0,0,0,0,0,0,0,0
618,Raheem Sterling,0,0,0,0,0,0,0,0
646,Christian Eriksen,0,0,0,0,0,0,0,0
717,Bafétimbi Gomis,0,0,0,0,0,0,0,0
756,Leonardo Ulloa,0,0,0,0,0,0,0,0
770,Ayoze Pérez,0,0,0,0,0,0,0,0
790,Nathan Redmond,0,0,0,0,0,0,0,0
878,Yaya Touré,0,0,0,0,0,0,0,0
468,Callum Wilson,0,0,0,0,0,0,0,0
484,Divock Origi,0,0,0,0,0,0,0,0
489,James Milner,0,0,0,0,0,0,0,0
503,Theo Walcott,0,0,0,0,0,0,0,0
504,Aaron Ramsey,0,0,0,0,0,0,0,0
512,Scott Dann,0,0,0,0,0,0,0,0
516,Yohan Cabaye,0,0,0,0,0,0,0,0
518,Yannick Bolasie,0,0,0,0,0,0,0,0
519,Connor Wickham,0,0,0,0,0,0,0,0
532,Cheikhou Kouyaté,0,0,0,0,0,0,0,0
556,Marcus Rashford,0,0,0,0,0,0,0,0
593,Aaron Lennon,0,0,0,0,0,0,0,0
601,Arouna Koné,0,0,0,0,0,0,0,0
644,Erik Lamela,0,0,0,0,0,0,0,0
656,Diafra Sakho,0,0,0,0,0,0,0,0
671,Rudy Gestede,0,0,0,0,0,0,0,0
686,Cesc Fàbregas,0,0,0,0,0,0,0,0
700,Willian,0,0,0,0,0,0,0,0
737,Fabio Borini,0,0,0,0,0,0,0,0
754,Shinji Okazaki,0,0,0,0,0,0,0,0
863,Jonathan Walters,0,0,0,0,0,0,0,0
868,Mame Biram Diouf,0,0,0,0,0,0,0,0
883,Steven Davis,0,0,0,0,0,0,0,0
453,Son Heung-Min,0,0,0,0,0,0,0,0
458,Steve Cook,0,0,0,0,0,0,0,0
461,Matt Ritchie,0,0,0,0,0,0,0,0
486,Adam Lallana,0,0,0,0,0,0,0,0
494,Laurent Koscielny,0,0,0,0,0,0,0,0
501,Danny Welbeck,0,0,0,0,0,0,0,0
539,Enner Valencia,0,0,0,0,0,0,0,0
558,Jesse Lingard,0,0,0,0,0,0,0,0
595,Kevin Mirallas,0,0,0,0,0,0,0,0
597,Ramiro Funes Mori,0,0,0,0,0,0,0,0
622,Wilfried Bony,0,0,0,0,0,0,0,0
639,Toby Alderweireld,0,0,0,0,0,0,0,0
701,Eden Hazard,0,0,0,0,0,0,0,0
730,Patrick van Aanholt,0,0,0,0,0,0,0,0
775,Andros Townsend,0,0,0,0,0,0,0,0
793,Wes Hoolahan,0,0,0,0,0,0,0,0
804,Craig Dawson,0,0,0,0,0,0,0,0
811,Saido Berahino,0,0,0,0,0,0,0,0
824,Steven Naismith,0,0,0,0,0,0,0,0
826,Benik Afobe,0,0,0,0,0,0,0,0
866,Joselu,0,0,0,0,0,0,0,0
930,Steven Fletcher,0,0,0,0,0,0,0,0
459,Charlie Daniels,0,0,0,0,0,0,0,0
462,Dan Gosling,0,0,0,0,0,0,0,0
463,Junior Stanislas,0,0,0,0,0,0,0,0
466,Marc Pugh,0,0,0,0,0,0,0,0
506,Joel Campbell,0,0,0,0,0,0,0,0
552,Ander Herrera,0,0,0,0,0,0,0,0
621,Aleksandar Kolarov,0,0,0,0,0,0,0,0
642,Mousa Dembélé,0,0,0,0,0,0,0,0
643,Eric Dier,0,0,0,0,0,0,0,0
648,Nacer Chadli,0,0,0,0,0,0,0,0
692,Oscar,0,0,0,0,0,0,0,0
743,Dwight Gayle,0,0,0,0,0,0,0,0
747,Robert Huth,0,0,0,0,0,0,0,0
781,Jeremain Lens,0,0,0,0,0,0,0,0
788,Russell Martin,0,0,0,0,0,0,0,0
789,Robbie Brady,0,0,0,0,0,0,0,0
792,Jonny Howson,0,0,0,0,0,0,0,0
794,Cameron Jerome,0,0,0,0,0,0,0,0
812,Craig Gardner,0,0,0,0,0,0,0,0
833,Virgil van Dijk,0,0,0,0,0,0,0,0
850,Papiss Demba Cissé,0,0,0,0,0,0,0,0
882,Glenn Murray,0,0,0,0,0,0,0,0
888,Xherdan Shaqiri,0,0,0,0,0,0,0,0
919,Duncan Watmore,0,0,0,0,0,0,0,0
939,Mauro Zárate,0,0,0,0,0,0,0,0
990,James Morrison,0,0,0,0,0,0,0,0
480,Joe Allen,0,0,0,0,0,0,0,0
500,Alex Iwobi,0,0,0,0,0,0,0,0
510,Joel Ward,0,0,0,0,0,0,0,0
511,Damien Delaney,0,0,0,0,0,0,0,0
514,Jason Puncheon,0,0,0,0,0,0,0,0
520,Bakary Sako,0,0,0,0,0,0,0,0
522,Wilfried Zaha,0,0,0,0,0,0,0,0
534,Aaron Cresswell,0,0,0,0,0,0,0,0
555,Memphis Depay,0,0,0,0,0,0,0,0
566,Sebastian Prödl,0,0,0,0,0,0,0,0
569,Almen Abdi,0,0,0,0,0,0,0,0
571,Ben Watson,0,0,0,0,0,0,0,0
588,Leighton Baines,0,0,0,0,0,0,0,0
589,James McCarthy,0,0,0,0,0,0,0,0
591,Gerard Deulofeu,0,0,0,0,0,0,0,0
596,Tom Cleverley,0,0,0,0,0,0,0,0
605,Jordan Henderson,0,0,0,0,0,0,0,0
612,Vincent Kompany,0,0,0,0,0,0,0,0
614,Fernandinho,0,0,0,0,0,0,0,0
615,Fernando,0,0,0,0,0,0,0,0
617,David Silva,0,0,0,0,0,0,0,0
633,James McArthur,0,0,0,0,0,0,0,0
669,Ashley Westwood,0,0,0,0,0,0,0,0
670,Carles Gil,0,0,0,0,0,0,0,0
679,Scott Sinclair,0,0,0,0,0,0,0,0
681,César Azpilicueta,0,0,0,0,0,0,0,0
682,Branislav Ivanovic,0,0,0,0,0,0,0,0
695,Bertrand Traoré,0,0,0,0,0,0,0,0
697,Nemanja Matic,0,0,0,0,0,0,0,0
699,Gary Cahill,0,0,0,0,0,0,0,0
709,Ashley Williams,0,0,0,0,0,0,0,0
716,Alberto Paloschi,0,0,0,0,0,0,0,0
719,Wayne Routledge,0,0,0,0,0,0,0,0
723,Ki Sung-yueng,0,0,0,0,0,0,0,0
728,Lamine Koné,0,0,0,0,0,0,0,0
734,Wahbi Khazri,0,0,0,0,0,0,0,0
748,Wes Morgan,0,0,0,0,0,0,0,0
752,Daniel Drinkwater,0,0,0,0,0,0,0,0
753,Marc Albrighton,0,0,0,0,0,0,0,0
764,Daryl Janmaat,0,0,0,0,0,0,0,0
766,Jamaal Lascelles,0,0,0,0,0,0,0,0
784,Andy King,0,0,0,0,0,0,0,0
791,Alexander Tettey,0,0,0,0,0,0,0,0
810,Stéphane Sessegnon,0,0,0,0,0,0,0,0
814,James McClean,0,0,0,0,0,0,0,0
825,Adam Smith,0,0,0,0,0,0,0,0
834,José Fonte,0,0,0,0,0,0,0,0
843,James Ward-Prowse,0,0,0,0,0,0,0,0
861,Giannelli Imbula,0,0,0,0,0,0,0,0
864,Ibrahim Afellay,0,0,0,0,0,0,0,0
876,Fabian Delph,0,0,0,0,0,0,0,0
877,Samir Nasri,0,0,0,0,0,0,0,0
929,Adam Johnson,0,0,0,0,0,0,0,0
936,Ramires,0,0,0,0,0,0,0,0
938,Carl Jenkinson,0,0,0,0,0,0,0,0
986,Danny Ings,0,0,0,0,0,0,0,0
162,Timm Klose,0,0,0,0,0,0,0,0
323,Adnan Januzaj,0,0,0,0,0,0,0,0
457,Tommy Elphick,0,0,0,0,0,0,0,0
464,Max Gradel,0,0,0,0,0,0,0,0
467,Lewis Grabban,0,0,0,0,0,0,0,0
476,Kolo Touré,0,0,0,0,0,0,0,0
481,Jordon Ibe,0,0,0,0,0,0,0,0
485,Mamadou Sakho,0,0,0,0,0,0,0,0
492,Héctor Bellerín,0,0,0,0,0,0,0,0
493,Gabriel,0,0,0,0,0,0,0,0
517,Joe Ledley,0,0,0,0,0,0,0,0
521,Emmanuel Adebayor,0,0,0,0,0,0,0,0
526,Lee Chung-yong,0,0,0,0,0,0,0,0
529,Winston Reid,0,0,0,0,0,0,0,0
541,Victor Moses,0,0,0,0,0,0,0,0
545,Kieran Gibbs,0,0,0,0,0,0,0,0
548,Daley Blind,0,0,0,0,0,0,0,0
551,Morgan Schneiderlin,0,0,0,0,0,0,0,0
557,Matteo Darmian,0,0,0,0,0,0,0,0
579,Nathan Aké,0,0,0,0,0,0,0,0
581,Craig Cathcart,0,0,0,0,0,0,0,0
585,Seamus Coleman,0,0,0,0,0,0,0,0
603,Nathaniel Clyne,0,0,0,0,0,0,0,0
604,Emre Can,0,0,0,0,0,0,0,0
607,Martin Skrtel,0,0,0,0,0,0,0,0
608,Alberto Moreno,0,0,0,0,0,0,0,0
611,Nicolás Otamendi,0,0,0,0,0,0,0,0
630,Marouane Fellaini,0,0,0,0,0,0,0,0
631,Ashley Young,0,0,0,0,0,0,0,0
638,Kyle Walker,0,0,0,0,0,0,0,0
641,Danny Rose,0,0,0,0,0,0,0,0
649,Ryan Mason,0,0,0,0,0,0,0,0
652,Kieran Trippier,0,0,0,0,0,0,0,0
653,Tom Carroll,0,0,0,0,0,0,0,0
664,Joleon Lescott,0,0,0,0,0,0,0,0
665,Micah Richards,0,0,0,0,0,0,0,0
674,Leandro Bacuna,0,0,0,0,0,0,0,0
675,Jack Grealish,0,0,0,0,0,0,0,0
688,Ruben Loftus-Cheek,0,0,0,0,0,0,0,0
689,Kenedy,0,0,0,0,0,0,0,0
690,Loïc Remy,0,0,0,0,0,0,0,0
691,Alexandre Pato,0,0,0,0,0,0,0,0
696,Falcao,0,0,0,0,0,0,0,0
708,Federico Fernández,0,0,0,0,0,0,0,0
712,Jack Cork,0,0,0,0,0,0,0,0
720,Modou Barrow,0,0,0,0,0,0,0,0
731,Dame N&#039;Doye,0,0,0,0,0,0,0,0
732,Yann M&#039;Vila,0,0,0,0,0,0,0,0
733,Jack Rodwell,0,0,0,0,0,0,0,0
742,Billy Jones,0,0,0,0,0,0,0,0
751,N&#039;Golo Kanté,0,0,0,0,0,0,0,0
757,Jeffrey Schlupp,0,0,0,0,0,0,0,0
767,Jack Colback,0,0,0,0,0,0,0,0
768,Vurnon Anita,0,0,0,0,0,0,0,0
769,Jonjo Shelvey,0,0,0,0,0,0,0,0
772,Moussa Sissoko,0,0,0,0,0,0,0,0
783,Nathan Dyer,0,0,0,0,0,0,0,0
798,Martin Olsson,0,0,0,0,0,0,0,0
800,Matthew Jarvis,0,0,0,0,0,0,0,0
805,Jonas Olsson,0,0,0,0,0,0,0,0
806,Gareth McAuley,0,0,0,0,0,0,0,0
807,Jonny Evans,0,0,0,0,0,0,0,0
809,Darren Fletcher,0,0,0,0,0,0,0,0
816,Rickie Lambert,0,0,0,0,0,0,0,0
821,Sebastien Bassong,0,0,0,0,0,0,0,0
832,Cuco Martina,0,0,0,0,0,0,0,0
835,Ryan Bertrand,0,0,0,0,0,0,0,0
836,Victor Wanyama,0,0,0,0,0,0,0,0
842,Oriol Romeu,0,0,0,0,0,0,0,0
845,Maya Yoshida,0,0,0,0,0,0,0,0
848,Charlie Austin,0,0,0,0,0,0,0,0
853,Paul Dummett,0,0,0,0,0,0,0,0
873,Charlie Adam,0,0,0,0,0,0,0,0
875,Ciaran Clark,0,0,0,0,0,0,0,0
881,Harry Arter,0,0,0,0,0,0,0,0
890,Gabriel Agbonlahor,0,0,0,0,0,0,0,0
907,Bastian Schweinsteiger,0,0,0,0,0,0,0,0
915,Rolando Aarons,0,0,0,0,0,0,0,0
917,John Terry,0,0,0,0,0,0,0,0
926,Steven Whittaker,0,0,0,0,0,0,0,0
935,Kurt Zouma,0,0,0,0,0,0,0,0
940,Nikica Jelavic,0,0,0,0,0,0,0,0
941,Fabricio Coloccini,0,0,0,0,0,0,0,0
955,Ritchie de Laet,0,0,0,0,0,0,0,0
966,Alex Oxlade-Chamberlain,0,0,0,0,0,0,0,0
1016,Miguel Layún,0,0,0,0,0,0,0,0
1029,Modibo Maiga,0,0,0,0,0,0,0,0
191,Chicharito,0,0,0,0,0,0,0,0
232,Jan Kirchhoff,0,0,0,0,0,0,0,0
455,Artur Boruc,0,0,0,0,0,0,0,0
456,Simon Francis,0,0,0,0,0,0,0,0
460,Andrew Surman,0,0,0,0,0,0,0,0
469,Adam Federici,0,0,0,0,0,0,0,0
471,Shaun MacDonald,0,0,0,0,0,0,0,0
472,Eunan O&#039;Kane,0,0,0,0,0,0,0,0
473,Danny Ward,0,0,0,0,0,0,0,0
474,Connor Randall,0,0,0,0,0,0,0,0
475,Lucas Leiva,0,0,0,0,0,0,0,0
477,Brad Smith,0,0,0,0,0,0,0,0
478,Sheyi Ojo,0,0,0,0,0,0,0,0
479,Kevin Stewart,0,0,0,0,0,0,0,0
487,Simon Mignolet,0,0,0,0,0,0,0,0
490,Jon Flanagan,0,0,0,0,0,0,0,0
491,Petr Cech,0,0,0,0,0,0,0,0
495,Nacho Monreal,0,0,0,0,0,0,0,0
496,Mohamed Elneny,0,0,0,0,0,0,0,0
497,Francis Coquelin,0,0,0,0,0,0,0,0
505,David Ospina,0,0,0,0,0,0,0,0
507,Per Mertesacker,0,0,0,0,0,0,0,0
508,Calum Chambers,0,0,0,0,0,0,0,0
509,Wayne Hennessey,0,0,0,0,0,0,0,0
513,Pape Souaré,0,0,0,0,0,0,0,0
515,Mile Jedinak,0,0,0,0,0,0,0,0
523,Julian Speroni,0,0,0,0,0,0,0,0
524,Adrian Mariappa,0,0,0,0,0,0,0,0
525,Martin Kelly,0,0,0,0,0,0,0,0
527,Adrián,0,0,0,0,0,0,0,0
528,Angelo Ogbonna,0,0,0,0,0,0,0,0
530,James Tomkins,0,0,0,0,0,0,0,0
538,Emmanuel Emenike,0,0,0,0,0,0,0,0
540,Darren Randolph,0,0,0,0,0,0,0,0
542,Pedro Obiang,0,0,0,0,0,0,0,0
543,Reece Oxford,0,0,0,0,0,0,0,0
546,David de Gea,0,0,0,0,0,0,0,0
547,Guillermo Varela,0,0,0,0,0,0,0,0
549,Timothy Fosu-Mensah,0,0,0,0,0,0,0,0
550,Marcos Rojo,0,0,0,0,0,0,0,0
559,Paddy McNair,0,0,0,0,0,0,0,0
560,Sergio Romero,0,0,0,0,0,0,0,0
562,James Weir,0,0,0,0,0,0,0,0
564,Heurelho Gomes,0,0,0,0,0,0,0,0
565,Nyom,0,0,0,0,0,0,0,0
567,Miguel Britos,0,0,0,0,0,0,0,0
568,José Holebas,0,0,0,0,0,0,0,0
570,Valon Behrami,0,0,0,0,0,0,0,0
572,Etienne Capoue,0,0,0,0,0,0,0,0
575,Nordin Amrabat,0,0,0,0,0,0,0,0
576,Mario Suárez,0,0,0,0,0,0,0,0
577,Ikechi Anya,0,0,0,0,0,0,0,0
578,Juan Carlos Paredes,0,0,0,0,0,0,0,0
580,Costel Pantilimon,0,0,0,0,0,0,0,0
582,Jurado,0,0,0,0,0,0,0,0
583,Adlène Guédioura,0,0,0,0,0,0,0,0
584,Joel Robles,0,0,0,0,0,0,0,0
586,John Stones,0,0,0,0,0,0,0,0
587,Phil Jagielka,0,0,0,0,0,0,0,0
590,Gareth Barry,0,0,0,0,0,0,0,0
598,Bryan Oviedo,0,0,0,0,0,0,0,0
599,Oumar Niasse,0,0,0,0,0,0,0,0
600,Tim Howard,0,0,0,0,0,0,0,0
602,Dejan Lovren,0,0,0,0,0,0,0,0
609,Joe Hart,0,0,0,0,0,0,0,0
610,Pablo Zabaleta,0,0,0,0,0,0,0,0
613,Gaël Clichy,0,0,0,0,0,0,0,0
616,Jesús Navas,0,0,0,0,0,0,0,0
623,Martín Demichelis,0,0,0,0,0,0,0,0
624,Willy Caballero,0,0,0,0,0,0,0,0
625,Bacary Sagna,0,0,0,0,0,0,0,0
626,Eliaquim Mangala,0,0,0,0,0,0,0,0
627,Antonio Valencia,0,0,0,0,0,0,0,0
628,Chris Smalling,0,0,0,0,0,0,0,0
632,Jordon Mutch,0,0,0,0,0,0,0,0
634,Fraizer Campbell,0,0,0,0,0,0,0,0
635,Alex McCarthy,0,0,0,0,0,0,0,0
637,Hugo Lloris,0,0,0,0,0,0,0,0
640,Jan Vertonghen,0,0,0,0,0,0,0,0
650,Kevin Wimmer,0,0,0,0,0,0,0,0
651,Michel Vorm,0,0,0,0,0,0,0,0
654,Michael Carrick,0,0,0,0,0,0,0,0
655,James Collins,0,0,0,0,0,0,0,0
657,Alexandre Song,0,0,0,0,0,0,0,0
660,Ben Davies,0,0,0,0,0,0,0,0
661,Josh Onomah,0,0,0,0,0,0,0,0
662,Brad Guzan,0,0,0,0,0,0,0,0
663,Alan Hutton,0,0,0,0,0,0,0,0
666,Aly Cissokho,0,0,0,0,0,0,0,0
667,Carlos Sánchez,0,0,0,0,0,0,0,0
668,Idrissa Gueye,0,0,0,0,0,0,0,0
673,Jordan Lyden,0,0,0,0,0,0,0,0
676,Jores Okore,0,0,0,0,0,0,0,0
677,Jordan Veretout,0,0,0,0,0,0,0,0
678,Mark Bunn,0,0,0,0,0,0,0,0
680,Thibaut Courtois,0,0,0,0,0,0,0,0
683,Matt Miazga,0,0,0,0,0,0,0,0
684,Abdul Rahman Baba,0,0,0,0,0,0,0,0
685,John Obi Mikel,0,0,0,0,0,0,0,0
693,Jake Clarke-Salter,0,0,0,0,0,0,0,0
694,Asmir Begovic,0,0,0,0,0,0,0,0
698,Adam Bogdan,0,0,0,0,0,0,0,0
702,Tammy Abraham,0,0,0,0,0,0,0,0
703,Fikayo Tomori,0,0,0,0,0,0,0,0
706,Lukasz Fabianski,0,0,0,0,0,0,0,0
707,Angel Rangel,0,0,0,0,0,0,0,0
710,Neil Taylor,0,0,0,0,0,0,0,0
711,Leroy Fer,0,0,0,0,0,0,0,0
715,Jefferson Montero,0,0,0,0,0,0,0,0
718,Kyle Naughton,0,0,0,0,0,0,0,0
721,Jordi Amat,0,0,0,0,0,0,0,0
722,Kristoffer Nordfeldt,0,0,0,0,0,0,0,0
726,Vito Mannone,0,0,0,0,0,0,0,0
727,DeAndre Yedlin,0,0,0,0,0,0,0,0
729,John O&#039;Shea,0,0,0,0,0,0,0,0
736,Younes Kaboul,0,0,0,0,0,0,0,0
738,Lee Cattermole,0,0,0,0,0,0,0,0
739,Ola Toivonen,0,0,0,0,0,0,0,0
740,Sebastian Larsson,0,0,0,0,0,0,0,0
741,Jordan Pickford,0,0,0,0,0,0,0,0
744,Steven Berghuis,0,0,0,0,0,0,0,0
745,Kasper Schmeichel,0,0,0,0,0,0,0,0
746,Danny Simpson,0,0,0,0,0,0,0,0
749,Christian Fuchs,0,0,0,0,0,0,0,0
759,Daniel Amartey,0,0,0,0,0,0,0,0
760,Marcin Wasilewski,0,0,0,0,0,0,0,0
761,Gökhan Inler,0,0,0,0,0,0,0,0
762,Demarai Gray,0,0,0,0,0,0,0,0
763,Robert Elliot,0,0,0,0,0,0,0,0
765,Steven Taylor,0,0,0,0,0,0,0,0
774,Siem de Jong,0,0,0,0,0,0,0,0
776,Seydou Doumbia,0,0,0,0,0,0,0,0
777,Emmanuel Rivière,0,0,0,0,0,0,0,0
778,Henri Saivet,0,0,0,0,0,0,0,0
779,Jamie Sterry,0,0,0,0,0,0,0,0
780,Karl Darlow,0,0,0,0,0,0,0,0
785,John Ruddy,0,0,0,0,0,0,0,0
786,Ivo Pinto,0,0,0,0,0,0,0,0
787,Ryan Bennett,0,0,0,0,0,0,0,0
796,Gary O&#039;Neil,0,0,0,0,0,0,0,0
797,Youssouf Mulumbu,0,0,0,0,0,0,0,0
799,Declan Rudd,0,0,0,0,0,0,0,0
801,Graham Dorrans,0,0,0,0,0,0,0,0
803,Ben Foster,0,0,0,0,0,0,0,0
808,Claudio Yacob,0,0,0,0,0,0,0,0
815,Alex Pritchard,0,0,0,0,0,0,0,0
817,Sandro,0,0,0,0,0,0,0,0
818,Victor Anichebe,0,0,0,0,0,0,0,0
819,James Chester,0,0,0,0,0,0,0,0
820,Boaz Myhill,0,0,0,0,0,0,0,0
822,Patrick Bamford,0,0,0,0,0,0,0,0
823,Vadis Odjidja-Ofoe,0,0,0,0,0,0,0,0
827,Juan Iturbe,0,0,0,0,0,0,0,0
828,Sylvain Distin,0,0,0,0,0,0,0,0
829,Marvin Emnes,0,0,0,0,0,0,0,0
830,Leon Britton,0,0,0,0,0,0,0,0
831,Fraser Forster,0,0,0,0,0,0,0,0
837,Jordy Clasie,0,0,0,0,0,0,0,0
844,Jay Rodriguez,0,0,0,0,0,0,0,0
846,Maarten Stekelenburg,0,0,0,0,0,0,0,0
847,Cédric Soares,0,0,0,0,0,0,0,0
849,Chancel Mbemba,0,0,0,0,0,0,0,0
851,Gabriel Obertan,0,0,0,0,0,0,0,0
854,Cheick Tioté,0,0,0,0,0,0,0,0
855,Cristian Gamboa,0,0,0,0,0,0,0,0
856,Jack Butland,0,0,0,0,0,0,0,0
857,Phil Bardsley,0,0,0,0,0,0,0,0
858,Philipp Wollscheid,0,0,0,0,0,0,0,0
859,Geoff Cameron,0,0,0,0,0,0,0,0
860,Marc Muniesa,0,0,0,0,0,0,0,0
862,Glenn Whelan,0,0,0,0,0,0,0,0
867,Stephen Ireland,0,0,0,0,0,0,0,0
869,Dionatan Teixeira,0,0,0,0,0,0,0,0
870,Jakob Haugaard,0,0,0,0,0,0,0,0
872,Peter Crouch,0,0,0,0,0,0,0,0
874,Andre Green,0,0,0,0,0,0,0,0
879,Jonathan Leko,0,0,0,0,0,0,0,0
880,Callum McManaman,0,0,0,0,0,0,0,0
884,Matt Targett,0,0,0,0,0,0,0,0
886,Ryan Shawcross,0,0,0,0,0,0,0,0
887,Erik Pieters,0,0,0,0,0,0,0,0
889,Shay Given,0,0,0,0,0,0,0,0
891,Leon Osman,0,0,0,0,0,0,0,0
892,Stephen Kingsley,0,0,0,0,0,0,0,0
893,Sébastien Pocognoli,0,0,0,0,0,0,0,0
894,Andre Wisdom,0,0,0,0,0,0,0,0
895,Mathieu Flamini,0,0,0,0,0,0,0,0
896,Jay Fulton,0,0,0,0,0,0,0,0
897,Juanmi,0,0,0,0,0,0,0,0
898,Obbi Oularé,0,0,0,0,0,0,0,0
899,Kieran Richardson,0,0,0,0,0,0,0,0
900,Adama Traoré,0,0,0,0,0,0,0,0
901,Kevin Toner,0,0,0,0,0,0,0,0
902,Sam Byram,0,0,0,0,0,0,0,0
904,Chris Brunt,0,0,0,0,0,0,0,0
905,Marouane Chamakh,0,0,0,0,0,0,0,0
906,Manu García,0,0,0,0,0,0,0,0
908,Muhamed Besic,0,0,0,0,0,0,0,0
909,Brendan Galloway,0,0,0,0,0,0,0,0
910,Harrison Reed,0,0,0,0,0,0,0,0
914,Nabil Bentaleb,0,0,0,0,0,0,0,0
916,Yoan Gouffran,0,0,0,0,0,0,0,0
920,Matthew Pennington,0,0,0,0,0,0,0,0
921,Darron Gibson,0,0,0,0,0,0,0,0
922,Andreas Pereira,0,0,0,0,0,0,0,0
924,Steven Pienaar,0,0,0,0,0,0,0,0
925,Patrick Roberts,0,0,0,0,0,0,0,0
927,Sebastián Coates,0,0,0,0,0,0,0,0
928,Wes Brown,0,0,0,0,0,0,0,0
931,Jordi Gómez,0,0,0,0,0,0,0,0
932,Danny Graham,0,0,0,0,0,0,0,0
933,Brede Hangeland,0,0,0,0,0,0,0,0
937,João Teixeira,0,0,0,0,0,0,0,0
942,Florian Thauvin,0,0,0,0,0,0,0,0
943,Massadio Haidara,0,0,0,0,0,0,0,0
944,Glen Johnson,0,0,0,0,0,0,0,0
945,Marc Wilson,0,0,0,0,0,0,0,0
946,Marco van Ginkel,0,0,0,0,0,0,0,0
947,Víctor Ibarbo,0,0,0,0,0,0,0,0
948,Alessandro Diamanti,0,0,0,0,0,0,0,0
949,Giedrius Arlauskis,0,0,0,0,0,0,0,0
951,Phil Jones,0,0,0,0,0,0,0,0
952,Gastón Ramírez,0,0,0,0,0,0,0,0
953,Steven Caulker,0,0,0,0,0,0,0,0
954,Kelvin Davis,0,0,0,0,0,0,0,0
956,Andrej Kramaric,0,0,0,0,0,0,0,0
957,Yann Kermorgant,0,0,0,0,0,0,0,0
958,Tokelo Rantie,0,0,0,0,0,0,0,0
960,Clinton N&#039;Jie,0,0,0,0,0,0,0,0
961,Jordan Amavi,0,0,0,0,0,0,0,0
962,José Ángel Crespo,0,0,0,0,0,0,0,0
963,Eder,0,0,0,0,0,0,0,0
964,Kyle Bartley,0,0,0,0,0,0,0,0
965,Santiago Cazorla,0,0,0,0,0,0,0,0
967,Mathieu Debuchy,0,0,0,0,0,0,0,0
970,Mikel Arteta,0,0,0,0,0,0,0,0
973,Paulo Gazzaniga,0,0,0,0,0,0,0,0
974,Yohan Benalouane,0,0,0,0,0,0,0,0
975,Lee Tomlin,0,0,0,0,0,0,0,0
977,Tyias Browning,0,0,0,0,0,0,0,0
981,Kyle Lafferty,0,0,0,0,0,0,0,0
982,Tim Krul,0,0,0,0,0,0,0,0
983,Kevin Mbabu,0,0,0,0,0,0,0,0
987,Joseph Gomez,0,0,0,0,0,0,0,0
988,Jordan Rossiter,0,0,0,0,0,0,0,0
992,James Wilson,0,0,0,0,0,0,0,0
993,Serge Gnabry,0,0,0,0,0,0,0,0
998,Ivan Toney,0,0,0,0,0,0,0,0
999,Joseph Dodoo,0,0,0,0,0,0,0,0
1001,Peter Odemwingie,0,0,0,0,0,0,0,0
1006,Luke Shaw,0,0,0,0,0,0,0,0
1007,Steve Sidwell,0,0,0,0,0,0,0,0
1010,Gary Hooper,0,0,0,0,0,0,0,0
1011,Bradley Johnson,0,0,0,0,0,0,0,0
1013,Sam Field,0,0,0,0,0,0,0,0
1014,Tyler Roberts,0,0,0,0,0,0,0,0
1015,Rushian Hepburn-Murphy,0,0,0,0,0,0,0,0
1018,Josh Cullen,0,0,0,0,0,0,0,0
1022,Pedro Chirivella,0,0,0,0,0,0,0,0
1023,Cameron Brannagan,0,0,0,0,0,0,0,0
1024,Tyrone Mings,0,0,0,0,0,0,0,0
1026,Libor Kozák,0,0,0,0,0,0,0,0
1028,Kevin Nolan,0,0,0,0,0,0,0,0
1031,Tony Hibbert,0,0,0,0,0,0,0,0
1032,Kieran Dowell,0,0,0,0,0,0,0,0
1034,Adam Matthews,0,0,0,0,0,0,0,0
1036,Jack Wilshere,0,0,0,0,0,0,0,0
1037,Cameron Borthwick-Jackson,0,0,0,0,0,0,0,0
1042,Tom Davies,0,0,0,0,0,0,0,0
1043,Callum Connolly,0,0,0,0,0,0,0,0
1045,Matt Grimes,0,0,0,0,0,0,0,0
1046,George Honeyman,0,0,0,0,0,0,0,0
1047,Will Keane,0,0,0,0,0,0,0,0
1048,Donald Love,0,0,0,0,0,0,0,0
1050,Ryan Allsop,0,0,0,0,0,0,0,0
1054,Bersant Celina,0,0,0,0,0,0,0,0
1059,Hiram Boateng,0,0,0,0,0,0,0,0
1060,Jonathan Williams,0,0,0,0,0,0,0,0
1066,Charles N&#039;Zogbia,0,0,0,0,0,0,0,0
1070,Sullay Kaikai,0,0,0,0,0,0,0,0
1072,Nick Powell,0,0,0,0,0,0,0,0
1078,Sergi Canos,0,0,0,0,0,0,0,0
1079,Thomas Robson,0,0,0,0,0,0,0,0
1080,Rees Greenwood,0,0,0,0,0,0,0,0
1084,Jonjoe Kenny,0,0,0,0,0,0,0,0
1089,Juan Cuadrado,0,0,0,0,0,0,0,0
1741,Zlatan Ibrahimovic,0,0,0,0,0,0,0,0
1728,Fernando Llorente,0,0,0,0,0,0,0,0
1661,Sam Vokes,0,0,0,0,0,0,0,0
1660,Andre Gray,0,0,0,0,0,0,0,0
1715,Álvaro Negredo,0,0,0,0,0,0,0,0
1682,Islam Slimani,0,0,0,0,0,0,0,0
1691,Robert Snodgrass,0,0,0,0,0,0,0,0
5543,Gabriel Jesus,0,0,0,0,0,0,0,0
1621,Marcos Alonso,0,0,0,0,0,0,0,0
4422,Ashley Barnes,0,0,0,0,0,0,0,0
337,Leroy Sané,0,0,0,0,0,0,0,0
1678,Michy Batshuayi,0,0,0,0,0,0,0,0
1740,Paul Pogba,0,0,0,0,0,0,0,0
317,Henrikh Mkhitaryan,0,0,0,0,0,0,0,0
1383,Manolo Gabbiadini,0,0,0,0,0,0,0,0
1698,Abel Hernández,0,0,0,0,0,0,0,0
1709,Cristhian Stuani,0,0,0,0,0,0,0,0
1710,Marten de Roon,0,0,0,0,0,0,0,0
1727,Alfie Mawson,0,0,0,0,0,0,0,0
1732,Nolito,0,0,0,0,0,0,0,0
1737,Matt Phillips,0,0,0,0,0,0,0,0
1763,Stefano Okaka,0,0,0,0,0,0,0,0
314,Ilkay Gündogan,0,0,0,0,0,0,0,0
1674,Sofiane Feghouli,0,0,0,0,0,0,0,0
1683,Ryan Fraser,0,0,0,0,0,0,0,0
1690,Sam Clucas,0,0,0,0,0,0,0,0
1738,Hal Robson-Kanu,0,0,0,0,0,0,0,0
1744,Michael Dawson,0,0,0,0,0,0,0,0
204,Granit Xhaka,0,0,0,0,0,0,0,0
1126,M&#039;Baye Niang,0,0,0,0,0,0,0,0
1522,Andrea Ranocchia,0,0,0,0,0,0,0,0
1653,Michael Keane,0,0,0,0,0,0,0,0
1656,George Boyd,0,0,0,0,0,0,0,0
1681,Ahmed Musa,0,0,0,0,0,0,0,0
1687,Harry Maguire,0,0,0,0,0,0,0,0
1694,Adama Diomande,0,0,0,0,0,0,0,0
1699,Shkodran Mustafi,0,0,0,0,0,0,0,0
1723,Roberto Pereyra,0,0,0,0,0,0,0,0
1725,Christian Kabasele,0,0,0,0,0,0,0,0
1730,Vincent Janssen,0,0,0,0,0,0,0,0
1746,Jeff Hendrick,0,0,0,0,0,0,0,0
4406,Lazar Markovic,0,0,0,0,0,0,0,0
5545,Wilfred Ndidi,0,0,0,0,0,0,0,0
5549,Luka Milivojevic,0,0,0,0,0,0,0,0
332,Joel Matip,0,0,0,0,0,0,0,0
782,Ben Chilwell,0,0,0,0,0,0,0,0
971,Harry Winks,0,0,0,0,0,0,0,0
1654,Ben Mee,0,0,0,0,0,0,0,0
1655,Stephen Ward,0,0,0,0,0,0,0,0
1657,Steven Defour,0,0,0,0,0,0,0,0
1658,Dean Marney,0,0,0,0,0,0,0,0
1659,Scott Arfield,0,0,0,0,0,0,0,0
1663,Johann Berg Gudmundsson,0,0,0,0,0,0,0,0
1672,Jonathan Calleri,0,0,0,0,0,0,0,0
1676,David Luiz,0,0,0,0,0,0,0,0
1688,Andrew Robertson,0,0,0,0,0,0,0,0
1689,Jake Livermore,0,0,0,0,0,0,0,0
1692,Shaun Maloney,0,0,0,0,0,0,0,0
1693,David Meyler,0,0,0,0,0,0,0,0
1695,Tom Huddlestone,0,0,0,0,0,0,0,0
1700,Lucas Pérez,0,0,0,0,0,0,0,0
1701,Borja Bastón,0,0,0,0,0,0,0,0
1702,Mike van der Hoorn,0,0,0,0,0,0,0,0
1707,Ben Gibson,0,0,0,0,0,0,0,0
1712,Stewart Downing,0,0,0,0,0,0,0,0
1718,Daniel Ayala,0,0,0,0,0,0,0,0
1719,Javier Manquillo,0,0,0,0,0,0,0,0
1720,Didier Ndong,0,0,0,0,0,0,0,0
1722,Juan Zuñiga,0,0,0,0,0,0,0,0
1724,Isaac Success,0,0,0,0,0,0,0,0
1726,Abdoulaye Doucouré,0,0,0,0,0,0,0,0
1734,Sofiane Boufal,0,0,0,0,0,0,0,0
1743,Bruno Martins Indi,0,0,0,0,0,0,0,0
2144,Alfred N&#039;Diaye,0,0,0,0,0,0,0,0
4430,Joey Barton,0,0,0,0,0,0,0,0
5542,Grant Leadbitter,0,0,0,0,0,0,0,0
5555,Dominic Calvert-Lewin,0,0,0,0,0,0,0,0
5556,Ademola Lookman,0,0,0,0,0,0,0,0
5597,Josh Harrop,0,0,0,0,0,0,0,0
37,Loris Karius,0,0,0,0,0,0,0,0
91,Ron-Robert Zieler,0,0,0,0,0,0,0,0
202,Håvard Nordtveit,0,0,0,0,0,0,0,0
265,Ragnar Klavan,0,0,0,0,0,0,0,0
343,Pierre-Emile Højbjerg,0,0,0,0,0,0,0,0
725,Ola Aina,0,0,0,0,0,0,0,0
934,Axel Tuanzebe,0,0,0,0,0,0,0,0
972,Jerome Sinclair,0,0,0,0,0,0,0,0
976,Baily Cargill,0,0,0,0,0,0,0,0
985,Mason Holgate,0,0,0,0,0,0,0,0
1017,Matej Vydra,0,0,0,0,0,0,0,0
1027,Lynden Gooch,0,0,0,0,0,0,0,0
1039,Jason Denayer,0,0,0,0,0,0,0,0
1055,Aleix García,0,0,0,0,0,0,0,0
1071,Papy Djilobodji,0,0,0,0,0,0,0,0
1642,Simone Zaza,0,0,0,0,0,0,0,0
1651,Tom Heaton,0,0,0,0,0,0,0,0
1652,Matthew Lowton,0,0,0,0,0,0,0,0
1662,Aiden O&#039;Neill,0,0,0,0,0,0,0,0
1664,Lukas Jutkiewicz,0,0,0,0,0,0,0,0
1665,James Tarkowski,0,0,0,0,0,0,0,0
1667,Paul Robinson,0,0,0,0,0,0,0,0
1668,Michael Kightly,0,0,0,0,0,0,0,0
1669,Marko Grujic,0,0,0,0,0,0,0,0
1670,Steve Mandanda,0,0,0,0,0,0,0,0
1671,Ezekiel Fryers,0,0,0,0,0,0,0,0
1673,Edimilson Fernandes,0,0,0,0,0,0,0,0
1675,Ashley Fletcher,0,0,0,0,0,0,0,0
1677,Nathaniel Chalobah,0,0,0,0,0,0,0,0
1680,Luis Hernández,0,0,0,0,0,0,0,0
1684,David Marshall,0,0,0,0,0,0,0,0
1685,Ahmed Elmohamady,0,0,0,0,0,0,0,0
1686,Curtis Davies,0,0,0,0,0,0,0,0
1696,Markus Henriksen,0,0,0,0,0,0,0,0
1697,Eldin Jakupovic,0,0,0,0,0,0,0,0
1703,Gökhan Töre,0,0,0,0,0,0,0,0
1704,Álvaro Arbeloa,0,0,0,0,0,0,0,0
1705,Víctor Valdés,0,0,0,0,0,0,0,0
1706,Antonio Barragán,0,0,0,0,0,0,0,0
1708,George Friend,0,0,0,0,0,0,0,0
1711,Adam Forshaw,0,0,0,0,0,0,0,0
1713,Viktor Fischer,0,0,0,0,0,0,0,0
1714,Jordan Rhodes,0,0,0,0,0,0,0,0
1716,Bernardo,0,0,0,0,0,0,0,0
1717,Adam Clayton,0,0,0,0,0,0,0,0
1729,Georges-Kévin Nkoudou,0,0,0,0,0,0,0,0
1731,Claudio Bravo,0,0,0,0,0,0,0,0
1733,Sam McQueen,0,0,0,0,0,0,0,0
1735,Jack Stephens,0,0,0,0,0,0,0,0
1736,Oliver McBurnie,0,0,0,0,0,0,0,0
1739,Eric Bailly,0,0,0,0,0,0,0,0
1742,Lee Grant,0,0,0,0,0,0,0,0
1745,Josh Tymon,0,0,0,0,0,0,0,0
1747,Kevin Long,0,0,0,0,0,0,0,0
1748,Lys Mousset,0,0,0,0,0,0,0,0
1749,Rob Holding,0,0,0,0,0,0,0,0
1750,Ainsley Maitland-Niles,0,0,0,0,0,0,0,0
1752,Fabio,0,0,0,0,0,0,0,0
1753,David Nugent,0,0,0,0,0,0,0,0
1754,Joel Asoro,0,0,0,0,0,0,0,0
1757,Nsue,0,0,0,0,0,0,0,0
1760,Arthur Masuaku,0,0,0,0,0,0,0,0
1762,Ovie Ejaria,0,0,0,0,0,0,0,0
1764,Ramadan Sobhi,0,0,0,0,0,0,0,0
1765,Jonathan Benteke,0,0,0,0,0,0,0,0
1776,Jarrod Bowen,0,0,0,0,0,0,0,0
1777,Julien Ngoy,0,0,0,0,0,0,0,0
1782,Albert Adomah,0,0,0,0,0,0,0,0
1784,Jérémy Pied,0,0,0,0,0,0,0,0
1785,Nampalys Mendy,0,0,0,0,0,0,0,0
1787,David Jones,0,0,0,0,0,0,0,0
1789,Lewis Cook,0,0,0,0,0,0,0,0
1791,Trent Alexander-Arnold,0,0,0,0,0,0,0,0
1942,Martín Cáceres,0,0,0,0,0,0,0,0
3231,Kamil Grosicki,0,0,0,0,0,0,0,0
4401,Emiliano Martinez,0,0,0,0,0,0,0,0
4441,Matthew James,0,0,0,0,0,0,0,0
5548,Andrew Eleftheriou,0,0,0,0,0,0,0,0
5550,Evandro,0,0,0,0,0,0,0,0
5551,Omar Elabdellaoui,0,0,0,0,0,0,0,0
5553,Declan Rice,0,0,0,0,0,0,0,0
5554,Luciano Narsingh,0,0,0,0,0,0,0,0
5557,Ben Woodburn,0,0,0,0,0,0,0,0
5558,Brandon Mason,0,0,0,0,0,0,0,0
5559,Dion Pereira,0,0,0,0,0,0,0,0
5560,Scott McTominay,0,0,0,0,0,0,0,0
5563,Daniel Agyei,0,0,0,0,0,0,0,0
5565,Josh Sims,0,0,0,0,0,0,0,0
5571,Filip Lesniak,0,0,0,0,0,0,0,0
5574,Demetri Mitchell,0,0,0,0,0,0,0,0
5575,Joel Pereira,0,0,0,0,0,0,0,0
5576,James Husband,0,0,0,0,0,0,0,0
5586,Michael Folivi,0,0,0,0,0,0,0,0
5598,Angel Gomes,0,0,0,0,0,0,0,0
5601,Matt Worthington,0,0,0,0,0,0,0,0
1250,Mohamed Salah,0,0,0,0,0,0,0,0
3277,Alexandre Lacazette,0,0,0,0,0,0,0,0
1804,Álvaro Morata,0,0,0,0,0,0,0,0
318,Pierre-Emerick Aubameyang,0,0,0,0,0,0,0,0
4456,Chris Wood,0,0,0,0,0,0,0,0
239,Pascal Groß,0,0,0,0,0,0,0,0
3800,Steve Mounie,0,0,0,0,0,0,0,0
3635,Bernardo Silva,0,0,0,0,0,0,0,0
6038,Laurent Depoitre,0,0,0,0,0,0,0,0
339,Eric Maxim Choupo-Moting,0,0,0,0,0,0,0,0
6026,Richarlison,0,0,0,0,0,0,0,0
6231,José Izquierdo,0,0,0,0,0,0,0,0
6477,Cenk Tosun,0,0,0,0,0,0,0,0
6033,Aaron Mooy,0,0,0,0,0,0,0,0
2065,Vicente Iborra,0,0,0,0,0,0,0,0
2244,Danilo,0,0,0,0,0,0,0,0
4497,Anthony Knockaert,0,0,0,0,0,0,0,0
6036,Rajiv van La Parra,0,0,0,0,0,0,0,0
342,Sead Kolasinac,0,0,0,0,0,0,0,0
1512,João Mário,0,0,0,0,0,0,0,0
1822,Antonio Rüdiger,0,0,0,0,0,0,0,0
2344,Christian Atsu,0,0,0,0,0,0,0,0
3429,Tiemoué Bakayoko,0,0,0,0,0,0,0,0
3600,Serge Aurier,0,0,0,0,0,0,0,0
3979,Ahmed Hegazy,0,0,0,0,0,0,0,0
4046,Tomer Hemed,0,0,0,0,0,0,0,0
4454,Tom Ince,0,0,0,0,0,0,0,0
4471,Mohamed Diamé,0,0,0,0,0,0,0,0
6104,Will Hughes,0,0,0,0,0,0,0,0
6525,Badou Ndiaye,0,0,0,0,0,0,0,0
248,Elias Kachunga,0,0,0,0,0,0,0,0
1159,Molla Wagué,0,0,0,0,0,0,0,0
1178,Davide Zappacosta,0,0,0,0,0,0,0,0
1299,Mario Lemina,0,0,0,0,0,0,0,0
1679,Dominic Solanke,0,0,0,0,0,0,0,0
2256,Jesé,0,0,0,0,0,0,0,0
5043,Kiko Femenía,0,0,0,0,0,0,0,0
5304,Mikel Merino,0,0,0,0,0,0,0,0
6042,Jan Bednarek,0,0,0,0,0,0,0,0
6048,Lewis Dunk,0,0,0,0,0,0,0,0
6049,Solly March,0,0,0,0,0,0,0,0
6062,Isaac Hayden,0,0,0,0,0,0,0,0
6063,Jacob Murphy,0,0,0,0,0,0,0,0
6139,Joe Lolley,0,0,0,0,0,0,0,0
6230,André Carrillo,0,0,0,0,0,0,0,0
6542,Jürgen Locadia,0,0,0,0,0,0,0,0
200,Andreas Christensen,0,0,0,0,0,0,0,0
368,Konstantinos Stafylidis,0,0,0,0,0,0,0,0
379,Markus Suttner,0,0,0,0,0,0,0,0
705,Kasey Palmer,0,0,0,0,0,0,0,0
885,Kyle Walker-Peters,0,0,0,0,0,0,0,0
1138,Orestis Karnezis,0,0,0,0,0,0,0,0
1203,Wesley Hoedt,0,0,0,0,0,0,0,0
1245,Emerson,0,0,0,0,0,0,0,0
1298,Patrice Evra,0,0,0,0,0,0,0,0
1759,Ben Hamer,0,0,0,0,0,0,0,0
1778,Freddie Ladapo,0,0,0,0,0,0,0,0
2147,Charly Musonda,0,0,0,0,0,0,0,0
2329,Jesús Gámez,0,0,0,0,0,0,0,0
2356,Roque Mesa,0,0,0,0,0,0,0,0
2385,Mat Ryan,0,0,0,0,0,0,0,0
2414,Grzegorz Krychowiak,0,0,0,0,0,0,0,0
2498,Aymeric Laporte,0,0,0,0,0,0,0,0
2537,Sandro Ramírez,0,0,0,0,0,0,0,0
2958,Oleksandr Zinchenko,0,0,0,0,0,0,0,0
3293,Lucas Moura,0,0,0,0,0,0,0,0
3389,Benjamin Mendy,0,0,0,0,0,0,0,0
3424,Guido Carrillo,0,0,0,0,0,0,0,0
3468,Jonas Lössl,0,0,0,0,0,0,0,0
3544,Jeremie Boga,0,0,0,0,0,0,0,0
3873,Ezequiel Schelotto,0,0,0,0,0,0,0,0
4258,Uwe Hünemeier,0,0,0,0,0,0,0,0
4462,Liam Rosenior,0,0,0,0,0,0,0,0
4481,Isaiah Brown,0,0,0,0,0,0,0,0
5073,Florian Lejeune,0,0,0,0,0,0,0,0
5215,Florent Hadergjonaj,0,0,0,0,0,0,0,0
5219,Aleksandar Dragovic,0,0,0,0,0,0,0,0
5228,Renato Sanches,0,0,0,0,0,0,0,0
5256,Oliver Burke,0,0,0,0,0,0,0,0
5453,Moritz Bauer,0,0,0,0,0,0,0,0
5552,Nick Pope,0,0,0,0,0,0,0,0
5562,Rekeem Harper,0,0,0,0,0,0,0,0
5568,Connor Roberts,0,0,0,0,0,0,0,0
5584,Aaron Wan-Bissaka,0,0,0,0,0,0,0,0
5593,Thomas Edwards,0,0,0,0,0,0,0,0
5706,Dodi Lukebakio,0,0,0,0,0,0,0,0
5767,Fousseni Diabate,0,0,0,0,0,0,0,0
6027,Jairo Riedewald,0,0,0,0,0,0,0,0
6029,Tommy Smith,0,0,0,0,0,0,0,0
6030,Zanka,0,0,0,0,0,0,0,0
6031,Christopher Schindler,0,0,0,0,0,0,0,0
6032,Chris Löwe,0,0,0,0,0,0,0,0
6034,Philip Billing,0,0,0,0,0,0,0,0
6035,Collin Quaner,0,0,0,0,0,0,0,0
6037,Danny Williams,0,0,0,0,0,0,0,0
6039,Michael Hefele,0,0,0,0,0,0,0,0
6040,Scott Malone,0,0,0,0,0,0,0,0
6044,Charlie Taylor,0,0,0,0,0,0,0,0
6045,Davy Klaassen,0,0,0,0,0,0,0,0
6046,Bruno,0,0,0,0,0,0,0,0
6047,Shane Duffy,0,0,0,0,0,0,0,0
6050,Davy Pröpper,0,0,0,0,0,0,0,0
6051,Dale Stephens,0,0,0,0,0,0,0,0
6052,Jamie Murphy,0,0,0,0,0,0,0,0
6054,Ederson,0,0,0,0,0,0,0,0
6055,Phil Foden,0,0,0,0,0,0,0,0
6067,Terence Kongolo,0,0,0,0,0,0,0,0
6080,Victor Lindelöf,0,0,0,0,0,0,0,0
6105,Gaëtan Bong,0,0,0,0,0,0,0,0
6249,Davinson Sánchez,0,0,0,0,0,0,0,0
6276,Nikola Vlasic,0,0,0,0,0,0,0,0
6283,Levi Lumeka,0,0,0,0,0,0,0,0
6296,Abdelhamid Sabiri,0,0,0,0,0,0,0,0
6299,Connor Goldson,0,0,0,0,0,0,0,0
6301,Jonathan Hogg,0,0,0,0,0,0,0,0
6303,Marvin Zeegelaar,0,0,0,0,0,0,0,0
6328,Dean Whitehead,0,0,0,0,0,0,0,0
6344,Martin Cranie,0,0,0,0,0,0,0,0
6369,Ethan Ampadu,0,0,0,0,0,0,0,0
6384,Beni Baningime,0,0,0,0,0,0,0,0
6389,Nahki Wells,0,0,0,0,0,0,0,0
6409,Beram Kayal,0,0,0,0,0,0,0,0
6410,Jack Simpson,0,0,0,0,0,0,0,0
6418,Hamza Choudhury,0,0,0,0,0,0,0,0
6421,Brahim Diaz,0,0,0,0,0,0,0,0
6430,Sam Baldock,0,0,0,0,0,0,0,0
6456,Callum Hudson-Odoi,0,0,0,0,0,0,0,0
6457,Emerson Hyndman,0,0,0,0,0,0,0,0
6464,Adrien Silva,0,0,0,0,0,0,0,0
6482,Eddie Nketiah,0,0,0,0,0,0,0,0
6492,Reiss Nelson,0,0,0,0,0,0,0,0
6504,Michael Obafemi,0,0,0,0,0,0,0,0
6526,Jordan Hugill,0,0,0,0,0,0,0,0
6531,Alexander Sørloth,0,0,0,0,0,0,0,0
6532,Martin Dubravka,0,0,0,0,0,0,0,0
6544,Lukas Nmecha,0,0,0,0,0,0,0,0
6561,Tyrese Campbell,0,0,0,0,0,0,0,0
6630,Joe Willock,0,0,0,0,0,0,0,0
6657,Lasse Sorenson,0,0,0,0,0,0,0,0
6681,Harvey Barnes,0,0,0,0,0,0,0,0
6722,Konstantinos Mavropanos,0,0,0,0,0,0,0,0
6756,Dwight McNeil,0,0,0,0,0,0,0,0
4105,Raúl Jiménez,0,0,0,0,0,0,0,0
1208,Felipe Anderson,0,0,0,0,0,0,0,0
6854,Diogo Jota,0,0,0,0,0,0,0,0
6818,James Maddison,0,0,0,0,0,0,0,0
6820,David Brooks,0,0,0,0,0,0,0,0
154,André Schürrle,0,0,0,0,0,0,0,0
1293,Gonzalo Higuaín,0,0,0,0,0,0,0,0
2390,Víctor Camarasa,0,0,0,0,0,0,0,0
5176,Ryan Babel,0,0,0,0,0,0,0,0
6827,Bobby Reid,0,0,0,0,0,0,0,0
76,Fabian Schär,0,0,0,0,0,0,0,0
1823,Lucas Digne,0,0,0,0,0,0,0,0
4027,Sol Bamba,0,0,0,0,0,0,0,0
6824,Nathaniel Mendez-Laing,0,0,0,0,0,0,0,0
6826,Callum Paterson,0,0,0,0,0,0,0,0
6850,Willy Boly,0,0,0,0,0,0,0,0
6852,Matt Doherty,0,0,0,0,0,0,0,0
6853,Rúben Neves,0,0,0,0,0,0,0,0
7390,Karlan Grant,0,0,0,0,0,0,0,0
3683,Ivan Cavaleiro,0,0,0,0,0,0,0,0
4068,Florin Andone,0,0,0,0,0,0,0,0
4395,Junior Hoilett,0,0,0,0,0,0,0,0
4866,Aboubakar Kamara,0,0,0,0,0,0,0,0
5956,Youri Tielemans,0,0,0,0,0,0,0,0
6828,Josh Murphy,0,0,0,0,0,0,0,0
6893,Stuart Armstrong,0,0,0,0,0,0,0,0
1227,Lucas Torreira,0,0,0,0,0,0,0,0
1389,Jorginho,0,0,0,0,0,0,0,0
2182,Jefferson Lerma,0,0,0,0,0,0,0,0
3303,Ricardo Pereira,0,0,0,0,0,0,0,0
3491,Romain Saiss,0,0,0,0,0,0,0,0
5247,Naby Keita,0,0,0,0,0,0,0,0
6274,Andriy Yarmolenko,0,0,0,0,0,0,0,0
6837,Ryan Sessegnon,0,0,0,0,0,0,0,0
7236,Leander Dendoncker,0,0,0,0,0,0,0,0
7280,Yan Valery,0,0,0,0,0,0,0,0
47,Yoshinori Muto,0,0,0,0,0,0,0,0
338,Max Meyer,0,0,0,0,0,0,0,0
371,Sokratis,0,0,0,0,0,0,0,0
394,Leon Balogun,0,0,0,0,0,0,0,0
2274,Luciano Vietto,0,0,0,0,0,0,0,0
2280,Jonny,0,0,0,0,0,0,0,0
2383,André Gomes,0,0,0,0,0,0,0,0
2641,Jon Gorenc Stankovic,0,0,0,0,0,0,0,0
3203,Issa Diop,0,0,0,0,0,0,0,0
3276,Rachid Ghezzal,0,0,0,0,0,0,0,0
3312,Jean Michael Seri,0,0,0,0,0,0,0,0
3328,Floyd Ayité,0,0,0,0,0,0,0,0
3420,Fabinho,0,0,0,0,0,0,0,0
3422,João Moutinho,0,0,0,0,0,0,0,0
3428,Hélder Costa,0,0,0,0,0,0,0,0
5573,Domingos Quina,0,0,0,0,0,0,0,0
5662,Isaac Mbenza,0,0,0,0,0,0,0,0
6306,Juan Foyth,0,0,0,0,0,0,0,0
6521,Yerry Mina,0,0,0,0,0,0,0,0
6817,Fred,0,0,0,0,0,0,0,0
6823,Sean Morrison,0,0,0,0,0,0,0,0
6830,Danny Ward,0,0,0,0,0,0,0,0
6835,Tom Cairney,0,0,0,0,0,0,0,0
6841,Ken Sema,0,0,0,0,0,0,0,0
6891,Ryan Fredericks,0,0,0,0,0,0,0,0
6892,Fabián Balbuena,0,0,0,0,0,0,0,0
6928,Kenneth Zohore,0,0,0,0,0,0,0,0
7063,Bernard,0,0,0,0,0,0,0,0
7078,Sean Longstaff,0,0,0,0,0,0,0,0
7120,Kadeem Harris,0,0,0,0,0,0,0,0
7199,Aron Gunnarsson,0,0,0,0,0,0,0,0
7219,Juninho Bacuna,0,0,0,0,0,0,0,0
111,Jannik Vestergaard,0,0,0,0,0,0,0,0
181,Bernd Leno,0,0,0,0,0,0,0,0
636,Luke Dreher,0,0,0,0,0,0,0,0
959,Joe Bennett,0,0,0,0,0,0,0,0
1181,Antonio Barreca,0,0,0,0,0,0,0,0
1257,Alisson,0,0,0,0,0,0,0,0
1303,Stephan Lichtsteiner,0,0,0,0,0,0,0,0
1441,Adam Masina,0,0,0,0,0,0,0,0
1950,Martín Montoya,0,0,0,0,0,0,0,0
2072,Sergio Rico,0,0,0,0,0,0,0,0
2190,Vicente Guaita,0,0,0,0,0,0,0,0
2254,Mateo Kovacic,0,0,0,0,0,0,0,0
2308,Denis Suárez,0,0,0,0,0,0,0,0
2587,Fabri,0,0,0,0,0,0,0,0
2640,Erik Durm,0,0,0,0,0,0,0,0
3304,Maxime Le Marchand,0,0,0,0,0,0,0,0
4467,Jazz Richards,0,0,0,0,0,0,0,0
4483,Sam Gallagher,0,0,0,0,0,0,0,0
4883,Bruno Ecuele Manga,0,0,0,0,0,0,0,0
5061,Kepa,0,0,0,0,0,0,0,0
5065,Diego Rico,0,0,0,0,0,0,0,0
5085,Marc Navarro,0,0,0,0,0,0,0,0
5245,Bernardo,0,0,0,0,0,0,0,0
5264,Caglar Söyüncü,0,0,0,0,0,0,0,0
5544,Angus Gunn,0,0,0,0,0,0,0,0
5602,Sam Surridge,0,0,0,0,0,0,0,0
5609,Yves Bissouma,0,0,0,0,0,0,0,0
5740,Adama Diakhaby,0,0,0,0,0,0,0,0
5759,Matteo Guendouzi,0,0,0,0,0,0,0,0
6041,Joel Coleman,0,0,0,0,0,0,0,0
6424,Ben Johnson,0,0,0,0,0,0,0,0
6434,Franck Zambo,0,0,0,0,0,0,0,0
6651,Grady Diangana,0,0,0,0,0,0,0,0
6666,Rafael Camacho,0,0,0,0,0,0,0,0
6819,Luke Amos,0,0,0,0,0,0,0,0
6821,Neil Etheridge,0,0,0,0,0,0,0,0
6822,Lee Peltier,0,0,0,0,0,0,0,0
6825,Joe Ralls,0,0,0,0,0,0,0,0
6829,Gary Madine,0,0,0,0,0,0,0,0
6831,Greg Cunningham,0,0,0,0,0,0,0,0
6833,Cyrus Christie,0,0,0,0,0,0,0,0
6834,Joe Bryan,0,0,0,0,0,0,0,0
6836,Kevin McDonald,0,0,0,0,0,0,0,0
6838,Stefan Johansen,0,0,0,0,0,0,0,0
6839,Ibrahima Cissé,0,0,0,0,0,0,0,0
6840,Neeskens Kebano,0,0,0,0,0,0,0,0
6842,Alireza Jahanbakhsh,0,0,0,0,0,0,0,0
6843,David Button,0,0,0,0,0,0,0,0
6849,Rui Patrício,0,0,0,0,0,0,0,0
6851,Conor Coady,0,0,0,0,0,0,0,0
6855,Léo Bonatini,0,0,0,0,0,0,0,0
6856,Rúben Vinagre,0,0,0,0,0,0,0,0
6857,Morgan Gibbs-White,0,0,0,0,0,0,0,0
6894,Mohamed Elyounoussi,0,0,0,0,0,0,0,0
7076,Marcus Bettinelli,0,0,0,0,0,0,0,0
7077,Denis Odoi,0,0,0,0,0,0,0,0
7184,Tim Ream,0,0,0,0,0,0,0,0
7198,Oliver Skipp,0,0,0,0,0,0,0,0
7215,Loïc Damour,0,0,0,0,0,0,0,0
7216,Ben Wilmot,0,0,0,0,0,0,0,0
7281,Diogo Dalot,0,0,0,0,0,0,0,0
7312,Xande Silva,0,0,0,0,0,0,0,0
7314,Tyreke Johnson,0,0,0,0,0,0,0,0
7322,Bukayo Saka,0,0,0,0,0,0,0,0
7326,Kayne Ramsay,0,0,0,0,0,0,0,0
7332,Max Kilman,0,0,0,0,0,0,0,0
7335,Callum Slattery,0,0,0,0,0,0,0,0
7340,Rhys Healey,0,0,0,0,0,0,0,0
7384,Chris Mepham,0,0,0,0,0,0,0,0
7420,Miguel Almirón,0,0,0,0,0,0,0,0
7437,Demeaco Duhaney,0,0,0,0,0,0,0,0
7438,James Garner,0,0,0,0,0,0,0,0
7439,Tahith Chong,0,0,0,0,0,0,0,0
7458,Matty Daly,0,0,0,0,0,0,0,0
7459,Will Norris,0,0,0,0,0,0,0,0
7487,Aaron Rowe,0,0,0,0,0,0,0,0
7490,Mason Greenwood,0,0,0,0,0,0,0,0
7546,Harvey Elliott,0,0,0,0,0,0,0,0
7582,Mark Travers,0,0,0,0,0,0,0,0
7696,Teemu Pukki,0,0,0,0,0,0,0,0
3621,Neal Maupay,0,0,0,0,0,0,0,0
2662,Christian Pulisic,0,0,0,0,0,0,0,0
1228,Bruno Fernandes,0,0,0,0,0,0,0,0
5596,Harry Wilson,0,0,0,0,0,0,0,0
6144,Sébastien Haller,0,0,0,0,0,0,0,0
7768,Mason Mount,0,0,0,0,0,0,0,0
7695,Todd Cantwell,0,0,0,0,0,0,0,0
7722,Trézéguet,0,0,0,0,0,0,0,0
5656,Nicolas Pepe,0,0,0,0,0,0,0,0
5675,Ismaila Sarr,0,0,0,0,0,0,0,0
7698,Leandro Trossard,0,0,0,0,0,0,0,0
7708,John Lundstram,0,0,0,0,0,0,0,0
7709,John Fleck,0,0,0,0,0,0,0,0
7724,Wesley,0,0,0,0,0,0,0,0
5612,Anwar El Ghazi,0,0,0,0,0,0,0,0
7700,Che Adams,0,0,0,0,0,0,0,0
101,Allan Saint-Maximin,0,0,0,0,0,0,0,0
2496,Rodri,0,0,0,0,0,0,0,0
5595,Daniel James,0,0,0,0,0,0,0,0
6122,Douglas Luiz,0,0,0,0,0,0,0,0
6382,Pedro Neto,0,0,0,0,0,0,0,0
7699,Adam Webster,0,0,0,0,0,0,0,0
7712,Billy Sharp,0,0,0,0,0,0,0,0
7721,Conor Hourihane,0,0,0,0,0,0,0,0
7723,John McGinn,0,0,0,0,0,0,0,0
7752,Gabriel Martinelli,0,0,0,0,0,0,0,0
7991,Aaron Connolly,0,0,0,0,0,0,0,0
8288,Tomas Soucek,0,0,0,0,0,0,0,0
8300,Steven Bergwijn,0,0,0,0,0,0,0,0
87,Joelinton,0,0,0,0,0,0,0,0
1304,Moise Kean,0,0,0,0,0,0,0,0
2335,Pablo Fornals,0,0,0,0,0,0,0,0
4918,Patrick Cutrone,0,0,0,0,0,0,0,0
5962,Tanguy NDombele Alvaro,0,0,0,0,0,0,0,0
6143,Jetro Willems,0,0,0,0,0,0,0,0
7701,Moussa Djenepo,0,0,0,0,0,0,0,0
7703,John Egan,0,0,0,0,0,0,0,0
7706,George Baldock,0,0,0,0,0,0,0,0
7707,Enda Stevens,0,0,0,0,0,0,0,0
7711,David McGoldrick,0,0,0,0,0,0,0,0
8016,Matthew Longstaff,0,0,0,0,0,0,0,0
12,Mario Vrancic,0,0,0,0,0,0,0,0
209,Josip Drmic,0,0,0,0,0,0,0,0
1234,Dennis Praet,0,0,0,0,0,0,0,0
2203,Emiliano Buendía,0,0,0,0,0,0,0,0
4476,Callum Robinson,0,0,0,0,0,0,0,0
6352,Valentino Lazaro,0,0,0,0,0,0,0,0
6665,Curtis Jones,0,0,0,0,0,0,0,0
6859,Kortney Hause,0,0,0,0,0,0,0,0
7152,Björn Engels,0,0,0,0,0,0,0,0
7691,Jamal Lewis,0,0,0,0,0,0,0,0
7693,Kenny McLean,0,0,0,0,0,0,0,0
7697,Onel Hernández,0,0,0,0,0,0,0,0
7710,Oliver Norwood,0,0,0,0,0,0,0,0
7726,Ezri Konsa Ngoyo,0,0,0,0,0,0,0,0
7822,Dennis Srbeny,0,0,0,0,0,0,0,0
8075,Brandon Williams,0,0,0,0,0,0,0,0
8089,Kieran Tierney,0,0,0,0,0,0,0,0
8285,Sander Berge,0,0,0,0,0,0,0,0
8287,Mbwana Samatta,0,0,0,0,0,0,0,0
8291,Daniel Podence,0,0,0,0,0,0,0,0
62,Lukas Rupp,0,0,0,0,0,0,0,0
250,Ørjan Nyland,0,0,0,0,0,0,0,0
330,Ralf Fährmann,0,0,0,0,0,0,0,0
1040,Angelino,0,0,0,0,0,0,0,0
1053,Keinan Davis,0,0,0,0,0,0,0,0
1217,Moritz Leitner,0,0,0,0,0,0,0,0
1374,José Reina,0,0,0,0,0,0,0,0
1545,Emil Krafth,0,0,0,0,0,0,0,0
1883,Ravel Morrison,0,0,0,0,0,0,0,0
2132,Jota,0,0,0,0,0,0,0,0
2379,João Cancelo,0,0,0,0,0,0,0,0
2446,Dani Ceballos,0,0,0,0,0,0,0,0
2509,Dimitri Foulquier,0,0,0,0,0,0,0,0
2673,Albian Ajeti,0,0,0,0,0,0,0,0
3253,Frederic Guilbert,0,0,0,0,0,0,0,0
3357,Djibril Sidibe,0,0,0,0,0,0,0,0
3358,Ibrahim Amadou,0,0,0,0,0,0,0,0
4475,Jed Steer,0,0,0,0,0,0,0,0
4764,Jean-Philippe Gbamin,0,0,0,0,0,0,0,0
5087,Roberto Jiménez,0,0,0,0,0,0,0,0
5234,Jesús Vallejo,0,0,0,0,0,0,0,0
5240,Ondrej Duda,0,0,0,0,0,0,0,0
5261,Kevin Danso,0,0,0,0,0,0,0,0
5567,Nathan Holland,0,0,0,0,0,0,0,0
5603,Aaron Ramsdale,0,0,0,0,0,0,0,0
5681,Giovani Lo Celso,0,0,0,0,0,0,0,0
6336,Bruno Jordao,0,0,0,0,0,0,0,0
6997,Ignacio Pussetto,0,0,0,0,0,0,0,0
7230,Emile Smith-Rowe,0,0,0,0,0,0,0,0
7382,Dan Burn,0,0,0,0,0,0,0,0
7602,Kelland Watts,0,0,0,0,0,0,0,0
7688,Max Aarons,0,0,0,0,0,0,0,0
7689,Ben Godfrey,0,0,0,0,0,0,0,0
7690,Grant Hanley,0,0,0,0,0,0,0,0
7692,Tom Trybull,0,0,0,0,0,0,0,0
7694,Marco Stiepermann,0,0,0,0,0,0,0,0
7702,Dean Henderson,0,0,0,0,0,0,0,0
7704,Chris Basham,0,0,0,0,0,0,0,0
7705,Jack O&#039;Connell,0,0,0,0,0,0,0,0
7713,Luke Freeman,0,0,0,0,0,0,0,0
7714,Ben Osborn,0,0,0,0,0,0,0,0
7715,Simon Moore,0,0,0,0,0,0,0,0
7725,Jonathan Kodjia,0,0,0,0,0,0,0,0
7727,Henri Lansbury,0,0,0,0,0,0,0,0
7753,James Justin,0,0,0,0,0,0,0,0
7823,Jack Stacey,0,0,0,0,0,0,0,0
7988,Billy Gilmour,0,0,0,0,0,0,0,0
7990,Christoph Zimmermann,0,0,0,0,0,0,0,0
8020,Steven Alzate,0,0,0,0,0,0,0,0
8021,Adam Idah,0,0,0,0,0,0,0,0
8022,Michael McGovern,0,0,0,0,0,0,0,0
8040,Marvelous Nakamba,0,0,0,0,0,0,0,0
8045,Eric Garcia,0,0,0,0,0,0,0,0
8046,Kieron Freeman,0,0,0,0,0,0,0,0
8061,Leon Clarke,0,0,0,0,0,0,0,0
8066,Arnaut Danjuma Groeneveld,0,0,0,0,0,0,0,0
8067,Reece James,0,0,0,0,0,0,0,0
8080,Akin Famewo,0,0,0,0,0,0,0,0
8082,David Martin,0,0,0,0,0,0,0,0
8090,Lloyd Kelly,0,0,0,0,0,0,0,0
8145,Troy Parrott,0,0,0,0,0,0,0,0
8150,Anthony Gordon,0,0,0,0,0,0,0,0
8204,Neco Williams,0,0,0,0,0,0,0,0
8214,Tyrick Mitchell,0,0,0,0,0,0,0,0
8216,Brandon Pierrick,0,0,0,0,0,0,0,0
8222,Japhet Tanganga,0,0,0,0,0,0,0,0
8224,William Smallbone,0,0,0,0,0,0,0,0
8226,Tariq Lamptey,0,0,0,0,0,0,0,0
8235,Jeremy Ngakia,0,0,0,0,0,0,0,0
8239,Takumi Minamino,0,0,0,0,0,0,0,0
8254,Indiana Vassilev,0,0,0,0,0,0,0,0
8257,Gedson Fernandes,0,0,0,0,0,0,0,0
8272,João Pedro,0,0,0,0,0,0,0,0
8286,Jack Robinson,0,0,0,0,0,0,0,0
8323,Josh Brownhill,0,0,0,0,0,0,0,0
8379,Alexis Mac Allister,0,0,0,0,0,0,0,0
8380,Pablo Marí,0,0,0,0,0,0,0,0
8383,Faustino Anjorin,0,0,0,0,0,0,0,0
8384,Armando Broja,0,0,0,0,0,0,0,0
8455,Josh Martin,0,0,0,0,0,0,0,0
8456,Nathan Tella,0,0,0,0,0,0,0,0
8472,Richairo Zivkovic,0,0,0,0,0,0,0,0
8476,Jarrad Branthwaite,0,0,0,0,0,0,0,0
8480,Max Thompson,0,0,0,0,0,0,0,0
8493,Jake Vokins,0,0,0,0,0,0,0,0
8496,Tommy Doyle,0,0,0,0,0,0,0,0
8518,Jordan Thomas,0,0,0,0,0,0,0,0
8562,Luke Thomas,0,0,0,0,0,0,0,0
8563,George Hirst,0,0,0,0,0,0,0,0
8865,Ollie Watkins,0,0,0,0,0,0,0,0
2251,Gareth Bale,0,0,0,0,0,0,0,0
7153,Matheus Pereira,0,0,0,0,0,0,0,0
3294,Edinson Cavani,0,0,0,0,0,0,0,0
8718,Stuart Dallas,0,0,0,0,0,0,0,0
8720,Jack Harrison,0,0,0,0,0,0,0,0
2381,Rodrigo,0,0,0,0,0,0,0,0
6441,Ferrán Torres,0,0,0,0,0,0,0,0
65,Timo Werner,0,0,0,0,0,0,0,0
2249,James Rodríguez,0,0,0,0,0,0,0,0
8026,Raphinha,0,0,0,0,0,0,0,0
4381,Mateusz Klich,0,0,0,0,0,0,0,0
5220,Kai Havertz,0,0,0,0,0,0,0,0
8706,Eberechi Eze,0,0,0,0,0,0,0,0
8778,Fabio Silva,0,0,0,0,0,0,0,0
5587,Josh Maja,0,0,0,0,0,0,0,0
9290,Mbaye Diagne,0,0,0,0,0,0,0,0
3288,Thiago Silva,0,0,0,0,0,0,0,0
4490,Semi Ajayi,0,0,0,0,0,0,0,0
5613,Gabriel,0,0,0,0,0,0,0,0
6157,Timothy Castagne,0,0,0,0,0,0,0,0
8722,Ezgjan Alioski,0,0,0,0,0,0,0,0
8992,Hakim Ziyech,0,0,0,0,0,0,0,0
9040,Conor Gallagher,0,0,0,0,0,0,0,0
9205,Jayden Bogle,0,0,0,0,0,0,0,0
229,Thiago Alcántara,0,0,0,0,0,0,0,0
2163,Diego Llorente,0,0,0,0,0,0,0,0
2361,Willian José,0,0,0,0,0,0,0,0
2517,Martin Odegaard,0,0,0,0,0,0,0,0
3585,Said Benrahma,0,0,0,0,0,0,0,0
4391,Darnell Furlong,0,0,0,0,0,0,0,0
5735,Jean-Philippe Mateta,0,0,0,0,0,0,0,0
6163,Nélson Semedo,0,0,0,0,0,0,0,0
6314,Joachim Andersen,0,0,0,0,0,0,0,0
6674,Rayan Ait Nouri,0,0,0,0,0,0,0,0
7395,Carlos Vinicius,0,0,0,0,0,0,0,0
8228,Nathaniel Phillips,0,0,0,0,0,0,0,0
8481,Jimmy Dunne,0,0,0,0,0,0,0,0
8717,Pascal Struijk,0,0,0,0,0,0,0,0
8719,Kalvin Phillips,0,0,0,0,0,0,0,0
8780,Joël Veltman,0,0,0,0,0,0,0,0
8816,Liam Cooper,0,0,0,0,0,0,0,0
8821,Donny van de Beek,0,0,0,0,0,0,0,0
8961,Rúben Dias,0,0,0,0,0,0,0,0
9163,Kean Bryan,0,0,0,0,0,0,0,0
9501,Fabio Carvalho,0,0,0,0,0,0,0,0
9509,Daniel Jebbison,0,0,0,0,0,0,0,0
9524,Anthony Elanga,0,0,0,0,0,0,0,0
978,Sam Johnstone,0,0,0,0,0,0,0,0
1379,Allan,0,0,0,0,0,0,0,0
1828,Alex Telles,0,0,0,0,0,0,0,0
2164,Pablo Hernández,0,0,0,0,0,0,0,0
2259,Kiko Casilla,0,0,0,0,0,0,0,0
2310,Alphonse Areola,0,0,0,0,0,0,0,0
2328,Thomas Partey,0,0,0,0,0,0,0,0
3696,Morgan Sanson,0,0,0,0,0,0,0,0
5274,Michael Hector,0,0,0,0,0,0,0,0
5569,Rhian Brewster,0,0,0,0,0,0,0,0
5590,Tosin Adarabioyo,0,0,0,0,0,0,0,0
5708,Fernando Marçal,0,0,0,0,0,0,0,0
5973,Kenny Tete,0,0,0,0,0,0,0,0
6162,Cengiz Ünder,0,0,0,0,0,0,0,0
6273,Robin Koch,0,0,0,0,0,0,0,0
6350,Jayson Molumby,0,0,0,0,0,0,0,0
6377,Joe Rodon,0,0,0,0,0,0,0,0
6736,Ibrahima Diallo,0,0,0,0,0,0,0,0
6875,Rúnar Alex Rúnarsson,0,0,0,0,0,0,0,0
6880,Edouard Mendy,0,0,0,0,0,0,0,0
6923,Mohammed Salisu,0,0,0,0,0,0,0,0
6932,Okay Yokuslu,0,0,0,0,0,0,0,0
6962,Robin Olsen,0,0,0,0,0,0,0,0
7187,Sergio Reguilón,0,0,0,0,0,0,0,0
7298,Ben White,0,0,0,0,0,0,0,0
7376,Ozan Kabak,0,0,0,0,0,0,0,0
7383,Josh Benson,0,0,0,0,0,0,0,0
7589,Wesley Fofana,0,0,0,0,0,0,0,0
7817,Zack Steffen,0,0,0,0,0,0,0,0
7904,Caoimhin Kelleher,0,0,0,0,0,0,0,0
7983,Daniel N&#039;Lundulu,0,0,0,0,0,0,0,0
8109,Niels Nkounkou,0,0,0,0,0,0,0,0
8127,Amad Diallo Traore,0,0,0,0,0,0,0,0
8158,Scott Carson,0,0,0,0,0,0,0,0
8180,Owen Otasowie,0,0,0,0,0,0,0,0
8227,Oskar Buur,0,0,0,0,0,0,0,0
8351,Ki-Jana Hoever,0,0,0,0,0,0,0,0
8366,João Virgínia,0,0,0,0,0,0,0,0
8482,Bailey Peacock-Farrell,0,0,0,0,0,0,0,0
8511,Alexandre Jankewitz,0,0,0,0,0,0,0,0
8566,Joel Mumbongo,0,0,0,0,0,0,0,0
8704,Marek Rodák,0,0,0,0,0,0,0,0
8715,Illan Meslier,0,0,0,0,0,0,0,0
8716,Luke Ayling,0,0,0,0,0,0,0,0
8721,Jamie Shackleton,0,0,0,0,0,0,0,0
8723,Ian Poveda-Ocampo,0,0,0,0,0,0,0,0
8756,Dara O&#039;Shea,0,0,0,0,0,0,0,0
8757,Romaine Sawyers,0,0,0,0,0,0,0,0
8758,Kyle Edwards,0,0,0,0,0,0,0,0
8777,Vitinha,0,0,0,0,0,0,0,0
8852,Konstantinos Tsimikas,0,0,0,0,0,0,0,0
8864,Matthew Cash,0,0,0,0,0,0,0,0
8868,Liam Delap,0,0,0,0,0,0,0,0
8905,Conor Townsend,0,0,0,0,0,0,0,0
8918,Max Lowe,0,0,0,0,0,0,0,0
8919,Leif Davis,0,0,0,0,0,0,0,0
8940,Antonee Robinson,0,0,0,0,0,0,0,0
8941,Jacob Ramsey,0,0,0,0,0,0,0,0
8965,Vladimir Coufal,0,0,0,0,0,0,0,0
8966,Filip Krovinovic,0,0,0,0,0,0,0,0
9082,Lewis Richardson,0,0,0,0,0,0,0,0
9086,Rhys Williams,0,0,0,0,0,0,0,0
9098,Robert Sánchez,0,0,0,0,0,0,0,0
9099,Andi Zeqiri,0,0,0,0,0,0,0,0
9154,Elliot Anderson,0,0,0,0,0,0,0,0
9209,Theo Corbeanu,0,0,0,0,0,0,0,0
9219,Niall Huggins,0,0,0,0,0,0,0,0
9222,Antwoine Hackford,0,0,0,0,0,0,0,0
9249,Percy Tau,0,0,0,0,0,0,0,0
9250,Reda Khadra,0,0,0,0,0,0,0,0
9256,Caleb Watts,0,0,0,0,0,0,0,0
9257,Allan Tchaptchet,0,0,0,0,0,0,0,0
9284,Jakub Moder,0,0,0,0,0,0,0,0
9307,Iliman Ndiaye,0,0,0,0,0,0,0,0
9311,Thakgalo Leshabela,0,0,0,0,0,0,0,0
9332,Dane Scarlett,0,0,0,0,0,0,0,0
9356,Carney Chukwuemeka,0,0,0,0,0,0,0,0
9359,Shola Shoretire,0,0,0,0,0,0,0,0
9395,Sidnei Tavares,0,0,0,0,0,0,0,0
9406,Nathan Broadhead,0,0,0,0,0,0,0,0
9415,Jaden Philogene-Bidace,0,0,0,0,0,0,0,0
9423,Gaetano Berardi,0,0,0,0,0,0,0,0
9540,Femi Seriki,0,0,0,0,0,0,0,0
9552,Tyrese Francois,0,0,0,0,0,0,0,0
9557,William Fish,0,0,0,0,0,0,0,0
9558,Hannibal Mejbri,0,0,0,0,0,0,0,0
2371,Cristiano Ronaldo,0,0,0,0,0,0,0,0
9301,Emmanuel Dennis,0,0,0,0,0,0,0,0
3278,Maxwel Cornet,0,0,0,0,0,0,0,0
5786,Yoane Wissa,0,0,0,0,0,0,0,0
3697,Odsonne Edouard,0,0,0,0,0,0,0,0
6691,Dejan Kulusevski,0,0,0,0,0,0,0,0
6954,Juan Camilo Hernández,0,0,0,0,0,0,0,0
8327,Bruno Guimarães,0,0,0,0,0,0,0,0
8845,Hee-Chan Hwang,0,0,0,0,0,0,0,0
9738,Patson Daka,0,0,0,0,0,0,0,0
6552,Bryan Mbeumo,0,0,0,0,0,0,0,0
9680,Vitaly Janelt,0,0,0,0,0,0,0,0
10408,Luis Díaz,0,0,0,0,0,0,0,0
1801,Pontus Jansson,0,0,0,0,0,0,0,0
6345,Jadon Sancho,0,0,0,0,0,0,0,0
6615,Trevoh Chalobah,0,0,0,0,0,0,0,0
7083,Christian Nørgaard,0,0,0,0,0,0,0,0
9679,Rico Henry,0,0,0,0,0,0,0,0
4419,Adam Armstrong,0,0,0,0,0,0,0,0
7052,Wout Weghorst,0,0,0,0,0,0,0,0
7295,Joshua Sargent,0,0,0,0,0,0,0,0
7603,Marc Guehi,0,0,0,0,0,0,0,0
8934,Trincão,0,0,0,0,0,0,0,0
9339,Joe Gelhardt,0,0,0,0,0,0,0,0
9733,Nathan Collins,0,0,0,0,0,0,0,0
9734,Enock Mwepu,0,0,0,0,0,0,0,0
9948,Michael Olise,0,0,0,0,0,0,0,0
1123,Juraj Kucka,0,0,0,0,0,0,0,0
2245,Raphael Varane,0,0,0,0,0,0,0,0
3729,Hassane Kamara,0,0,0,0,0,0,0,0
5221,Leon Bailey,0,0,0,0,0,0,0,0
5619,Pierre Lees-Melou,0,0,0,0,0,0,0,0
6523,Milot Rashica,0,0,0,0,0,0,0,0
7069,Saman Ghoddos,0,0,0,0,0,0,0,0
7134,Marc Cucurella,0,0,0,0,0,0,0,0
7218,Cristian Romero,0,0,0,0,0,0,0,0
7430,Emerson,0,0,0,0,0,0,0,0
7470,Mathias Normann,0,0,0,0,0,0,0,0
9453,Moisés Caicedo,0,0,0,0,0,0,0,0
9512,Valentino Livramento,0,0,0,0,0,0,0,0
9677,Kristoffer Ajer,0,0,0,0,0,0,0,0
9678,Ethan Pinnock,0,0,0,0,0,0,0,0
9685,Mads Roerslev,0,0,0,0,0,0,0,0
9691,Nuno Tavares,0,0,0,0,0,0,0,0
9739,Kiernan Dewsbury-Hall,0,0,0,0,0,0,0,0
9833,Andrew Omobamidele,0,0,0,0,0,0,0,0
9914,Shandon Baptiste,0,0,0,0,0,0,0,0
10291,Vitalii Mykolenko,0,0,0,0,0,0,0,0
852,Freddie Woodman,0,0,0,0,0,0,0,0
1025,Daniel Bachmann,0,0,0,0,0,0,0,0
1142,Samir,0,0,0,0,0,0,0,0
2266,Saúl Ñíguez,0,0,0,0,0,0,0,0
3387,Nicolas N&#039;Koulou,0,0,0,0,0,0,0,0
5191,Álvaro Fernández,0,0,0,0,0,0,0,0
5648,Malang Sarr,0,0,0,0,0,0,0,0
6108,Rodrigo Bentancur,0,0,0,0,0,0,0,0
6252,Lyanco,0,0,0,0,0,0,0,0
6310,Boubakary Soumare,0,0,0,0,0,0,0,0
6326,Ibrahima Konaté,0,0,0,0,0,0,0,0
6451,Nathan Ferguson,0,0,0,0,0,0,0,0
6485,Júnior Firpo,0,0,0,0,0,0,0,0
6500,Romain Perraud,0,0,0,0,0,0,0,0
6538,Oghenekaro Etebo,0,0,0,0,0,0,0,0
6947,Samuel Kalu,0,0,0,0,0,0,0,0
6996,William Troost-Ekong,0,0,0,0,0,0,0,0
7081,Francisco Sierralta,0,0,0,0,0,0,0,0
7166,Mathias Jensen,0,0,0,0,0,0,0,0
7235,Jason Steele,0,0,0,0,0,0,0,0
7278,Imran Louza,0,0,0,0,0,0,0,0
7338,Bryan Gil Salvatierra,0,0,0,0,0,0,0,0
7931,Takehiro Tomiyasu,0,0,0,0,0,0,0,0
8017,Alex Kral,0,0,0,0,0,0,0,0
8179,Luke Cundle,0,0,0,0,0,0,0,0
8497,Cole Palmer,0,0,0,0,0,0,0,0
8544,Lewis Bate,0,0,0,0,0,0,0,0
8582,Ellis Simms,0,0,0,0,0,0,0,0
9220,Charlie Cresswell,0,0,0,0,0,0,0,0
9287,Tyler Onyango,0,0,0,0,0,0,0,0
9461,Jesurun Rak-Sakyi,0,0,0,0,0,0,0,0
9470,Isaac Price,0,0,0,0,0,0,0,0
9492,Crysencio Summerville,0,0,0,0,0,0,0,0
9493,Sam Greenwood,0,0,0,0,0,0,0,0
9499,Cody Drameh,0,0,0,0,0,0,0,0
9554,Tim Iroegbunam,0,0,0,0,0,0,0,0
9676,David Raya,0,0,0,0,0,0,0,0
9681,Frank Onyeka,0,0,0,0,0,0,0,0
9682,Mads Bidstrup,0,0,0,0,0,0,0,0
9683,Mads Bech Sørensen,0,0,0,0,0,0,0,0
9684,Marcus Forss,0,0,0,0,0,0,0,0
9687,Charlie Goode,0,0,0,0,0,0,0,0
9689,Albert Sambi Lokonga,0,0,0,0,0,0,0,0
9690,Folarin Balogun,0,0,0,0,0,0,0,0
9700,Kristoffer Klaesson,0,0,0,0,0,0,0,0
9735,Taylor Richards,0,0,0,0,0,0,0,0
9740,José Sá,0,0,0,0,0,0,0,0
9741,Chem Campbell,0,0,0,0,0,0,0,0
9745,Dimitris Giannoulis,0,0,0,0,0,0,0,0
9746,Christos Tzolis,0,0,0,0,0,0,0,0
9747,Bali Mumba,0,0,0,0,0,0,0,0
9748,Jacob Sørensen,0,0,0,0,0,0,0,0
9912,Cameron Archer,0,0,0,0,0,0,0,0
9915,Dominic Thompson,0,0,0,0,0,0,0,0
9916,Finley Stevens,0,0,0,0,0,0,0,0
9933,Liam McCarron,0,0,0,0,0,0,0,0
9957,Ozan Tufan,0,0,0,0,0,0,0,0
10001,Stuart McKinstry,0,0,0,0,0,0,0,0
10027,Lewis Dobbin,0,0,0,0,0,0,0,0
10028,Leo Fuhr Hjelde,0,0,0,0,0,0,0,0
10036,Jeremy Sarmiento,0,0,0,0,0,0,0,0
10061,Harrison Ashby,0,0,0,0,0,0,0,0
10091,Tyler Morton,0,0,0,0,0,0,0,0
10092,Tariqe Fosu-Henry,0,0,0,0,0,0,0,0
10097,Przemyslaw Placheta,0,0,0,0,0,0,0,0
10118,Kaide Gordon,0,0,0,0,0,0,0,0
10126,James McAtee,0,0,0,0,0,0,0,0
10141,Sonny Perkins,0,0,0,0,0,0,0,0
10150,Nathan Young-Coombes,0,0,0,0,0,0,0,0
10166,Kasey McAteer,0,0,0,0,0,0,0,0
10168,Lewis Brunt,0,0,0,0,0,0,0,0
10172,Jonathan Rowe,0,0,0,0,0,0,0,0
10174,CJ Egan-Riley,0,0,0,0,0,0,0,0
10177,Evan Ferguson,0,0,0,0,0,0,0,0
10203,Kayky,0,0,0,0,0,0,0,0
10290,Edo Kayembe,0,0,0,0,0,0,0,0
10293,Toti,0,0,0,0,0,0,0,0
10327,Chiquinho,0,0,0,0,0,0,0,0
10405,Josh Dasilva,0,0,0,0,0,0,0,0
10424,Daniel Chesters,0,0,0,0,0,0,0,0
10525,Tony Springett,0,0,0,0,0,0,0,0
10552,Alejandro Garnacho,0,0,0,0,0,0,0,0
8260,Erling Haaland,0,0,0,0,0,0,0,0
5232,Alexander Isak,0,0,0,0,0,0,0,0
7814,Taiwo Awoniyi,0,0,0,0,0,0,0,0
10720,Darwin Núñez,0,0,0,0,0,0,0,0
10846,Julián Álvarez,0,0,0,0,0,0,0,0
10760,Brennan Johnson,0,0,0,0,0,0,0,0
10806,Kaoru Mitoma,0,0,0,0,0,0,0,0
11296,Cody Gakpo,0,0,0,0,0,0,0,0
10741,Marcus Tavernier,0,0,0,0,0,0,0,0
10804,Deniz Undav,0,0,0,0,0,0,0,0
10866,Luis Sinisterra,0,0,0,0,0,0,0,0
2248,Casemiro,0,0,0,0,0,0,0,0
7365,Lucas Paquetá,0,0,0,0,0,0,0,0
7892,João Félix,0,0,0,0,0,0,0,0
10716,Manor Solomon,0,0,0,0,0,0,0,0
10743,Kieffer Moore,0,0,0,0,0,0,0,0
11058,Julio Enciso,0,0,0,0,0,0,0,0
11094,Antony,0,0,0,0,0,0,0,0
11297,Carlos Alcaraz,0,0,0,0,0,0,0,0
6253,Gianluca Scamacca,0,0,0,0,0,0,0,0
6912,Pedro Porro,0,0,0,0,0,0,0,0
10715,João Palhinha,0,0,0,0,0,0,0,0
10746,Jaidon Anthony,0,0,0,0,0,0,0,0
10750,Rasmus Kristensen,0,0,0,0,0,0,0,0
11317,Danilo,0,0,0,0,0,0,0,0
1376,Kalidou Koulibaly,0,0,0,0,0,0,0,0
6888,William Saliba,0,0,0,0,0,0,0,0
6935,Naif Aguerd,0,0,0,0,0,0,0,0
7080,Matheus Cunha,0,0,0,0,0,0,0,0
9630,Kamaldeen Sulemana,0,0,0,0,0,0,0,0
9892,Matias Viña,0,0,0,0,0,0,0,0
10766,Joe Ayodele-Aribo,0,0,0,0,0,0,0,0
10864,Marcos Senesi,0,0,0,0,0,0,0,0
11155,Wilfried Gnonto,0,0,0,0,0,0,0,0
448,Ivan Perisic,0,0,0,0,0,0,0,0
2199,Pablo Sarabia,0,0,0,0,0,0,0,0
5086,Marc Roca,0,0,0,0,0,0,0,0
5136,Estupiñán,0,0,0,0,0,0,0,0
5682,Gonçalo Guedes,0,0,0,0,0,0,0,0
6088,Orel Mangala,0,0,0,0,0,0,0,0
7007,Duje Caleta-Car,0,0,0,0,0,0,0,0
7240,Benoit Badiashile Mukinayi,0,0,0,0,0,0,0,0
8646,Wout Faes,0,0,0,0,0,0,0,0
8970,Sékou Mara,0,0,0,0,0,0,0,0
9662,Dango Ouattara,0,0,0,0,0,0,0,0
9667,Amadou Onana,0,0,0,0,0,0,0,0
10004,Romeo Lavia,0,0,0,0,0,0,0,0
10012,Jakub Kiwior,0,0,0,0,0,0,0,0
10536,Tetê,0,0,0,0,0,0,0,0
10723,Stefan Bajcetic,0,0,0,0,0,0,0,0
10744,Ryan Christie,0,0,0,0,0,0,0,0
10751,Brenden Aaronson,0,0,0,0,0,0,0,0
10756,Joe Worrall,0,0,0,0,0,0,0,0
10759,Lewis O&#039;Brien,0,0,0,0,0,0,0,0
10802,Lisandro Martínez,0,0,0,0,0,0,0,0
11000,Matheus Nunes,0,0,0,0,0,0,0,0
11007,Fábio Vieira,0,0,0,0,0,0,0,0
11357,Noni Madueke,0,0,0,0,0,0,0,0
11362,Facundo Buonanotte,0,0,0,0,0,0,0,0
11363,Antoine Semenyo,0,0,0,0,0,0,0,0
11384,João Gomes,0,0,0,0,0,0,0,0
561,Joe Rothwell,0,0,0,0,0,0,0,0
1297,Neto,0,0,0,0,0,0,0,0
1488,Remo Freuler,0,0,0,0,0,0,0,0
1537,Sasa Lukic,0,0,0,0,0,0,0,0
2243,Keylor Navas,0,0,0,0,0,0,0,0
2674,Thilo Kehrer,0,0,0,0,0,0,0,0
3298,Layvin Kurzawa,0,0,0,0,0,0,0,0
4120,Álex Moreno,0,0,0,0,0,0,0,0
5050,Clement Lenglet,0,0,0,0,0,0,0,0
5248,Marcel Sabitzer,0,0,0,0,0,0,0,0
5360,Weston McKennie,0,0,0,0,0,0,0,0
5646,Cafú,0,0,0,0,0,0,0,0
5712,Diego Carlos,0,0,0,0,0,0,0,0
5789,Boubacar Kamara,0,0,0,0,0,0,0,0
5989,Moussa Niakhate,0,0,0,0,0,0,0,0
6083,Ludwig Augustinsson,0,0,0,0,0,0,0,0
6147,Denis Zakaria,0,0,0,0,0,0,0,0
6329,Harry Souttar,0,0,0,0,0,0,0,0
6490,Manuel Akanji,0,0,0,0,0,0,0,0
6656,Sergio Gómez,0,0,0,0,0,0,0,0
6937,Georginio Rutter,0,0,0,0,0,0,0,0
6986,Hamed Junior Traore,0,0,0,0,0,0,0,0
7239,Conor Coventry,0,0,0,0,0,0,0,0
7282,Giulian Biancone,0,0,0,0,0,0,0,0
7352,Tyler Adams,0,0,0,0,0,0,0,0
7366,Maximilian Wöber,0,0,0,0,0,0,0,0
7891,Renan Lodi,0,0,0,0,0,0,0,0
7921,Felipe,0,0,0,0,0,0,0,0
8119,Boubacar Traore,0,0,0,0,0,0,0,0
8430,Chris Richards,0,0,0,0,0,0,0,0
8458,Harvey White,0,0,0,0,0,0,0,0
8635,Sven Botman,0,0,0,0,0,0,0,0
8666,Cheick Oumar Doucoure,0,0,0,0,0,0,0,0
8786,Stefan Ortega Moreno,0,0,0,0,0,0,0,0
8812,Sasa Kalajdzic,0,0,0,0,0,0,0,0
8859,Mikkel Damsgaard,0,0,0,0,0,0,0,0
8942,Aaron Hickey,0,0,0,0,0,0,0,0
9021,Pape Sarr,0,0,0,0,0,0,0,0
9156,Kevin Schade,0,0,0,0,0,0,0,0
9274,Naouirou Ahamada,0,0,0,0,0,0,0,0
9324,Facundo Pellistri,0,0,0,0,0,0,0,0
9686,Halil Dervisoglu,0,0,0,0,0,0,0,0
9710,Armel Bella Kotchap,0,0,0,0,0,0,0,0
10072,Samuel Edozie,0,0,0,0,0,0,0,0
10140,Hugo Bueno,0,0,0,0,0,0,0,0
10216,Lewis Hall,0,0,0,0,0,0,0,0
10292,Nathan Patterson,0,0,0,0,0,0,0,0
10348,Omari Hutchinson,0,0,0,0,0,0,0,0
10453,Odeluga Offiah,0,0,0,0,0,0,0,0
10579,Matthew Craig,0,0,0,0,0,0,0,0
10698,Malcolm Ebiowei,0,0,0,0,0,0,0,0
10718,Jay Stansfield,0,0,0,0,0,0,0,0
10719,Luke Harris,0,0,0,0,0,0,0,0
10740,Jordan Zemura,0,0,0,0,0,0,0,0
10742,Ben Pearson,0,0,0,0,0,0,0,0
10745,Emiliano Marcondes,0,0,0,0,0,0,0,0
10749,Siriki Dembélé,0,0,0,0,0,0,0,0
10752,Darko Gyabi,0,0,0,0,0,0,0,0
10753,Connor Ronan,0,0,0,0,0,0,0,0
10755,Joseph Hodge,0,0,0,0,0,0,0,0
10757,Scott McKenna,0,0,0,0,0,0,0,0
10758,Harry Toffolo,0,0,0,0,0,0,0,0
10761,Alex Mighten,0,0,0,0,0,0,0,0
10764,Djed Spence,0,0,0,0,0,0,0,0
10765,Gavin Bazunu,0,0,0,0,0,0,0,0
10803,Tyrell Malacia,0,0,0,0,0,0,0,0
10805,Levi Colwill,0,0,0,0,0,0,0,0
10807,Jan Paul van Hecke,0,0,0,0,0,0,0,0
10808,Daniel Iversen,0,0,0,0,0,0,0,0
10809,Keane Lewis-Potter,0,0,0,0,0,0,0,0
10845,Flynn Downes,0,0,0,0,0,0,0,0
10847,Rico Lewis,0,0,0,0,0,0,0,0
10865,Jamal Lowe,0,0,0,0,0,0,0,0
10997,Bobby Clark,0,0,0,0,0,0,0,0
11003,Ryan Yates,0,0,0,0,0,0,0,0
11005,Joseph Whitworth,0,0,0,0,0,0,0,0
11034,Owen Bevan,0,0,0,0,0,0,0,0
11035,Marquinhos,0,0,0,0,0,0,0,0
11078,Juan Larios,0,0,0,0,0,0,0,0
11132,Ethan Nwaneri,0,0,0,0,0,0,0,0
11174,Kobbie Mainoo,0,0,0,0,0,0,0,0
11193,Andrew Moran,0,0,0,0,0,0,0,0
11208,Mateo Joseph,0,0,0,0,0,0,0,0
11231,Ben Doak,0,0,0,0,0,0,0,0
11232,Thomas Cannon,0,0,0,0,0,0,0,0
11233,Dexter Lembikisa,0,0,0,0,0,0,0,0
11242,Divin Mubama,0,0,0,0,0,0,0,0
11268,David Ozoh,0,0,0,0,0,0,0,0
11269,Jack Hinshelwood,0,0,0,0,0,0,0,0
11284,Gustavo Scarpa,0,0,0,0,0,0,0,0
11295,David Datro Fofana,0,0,0,0,0,0,0,0
11298,Mislav Orsic,0,0,0,0,0,0,0,0
11305,Mykhailo Mudryk,0,0,0,0,0,0,0,0
11356,Enzo Fernández,0,0,0,0,0,0,0,0
11359,James Bree,0,0,0,0,0,0,0,0
11360,Paul Onuachu,0,0,0,0,0,0,0,0
11361,Daniel Bentley,0,0,0,0,0,0,0,0
11366,Jhon Durán,0,0,0,0,0,0,0,0
11367,Victor Kristiansen,0,0,0,0,0,0,0,0
11378,Máximo Perrone,0,0,0,0,0,0,0,0
11385,Yasin Ayari,0,0,0,0,0,0,0,0
11386,Lewis Miley,0,0,0,0,0,0,0,0
11486,Illia Zabarnyi,0,0,0,0,0,0,0,0
11509,George Abbott,0,0,0,0,0,0,0,0
11544,Cameron Peupion,0,0,0,0,0,0,0,0
11582,Kamari Doyle,0,0,0,0,0,0,0,0
11583,Dominic Ballard,0,0,0,0,0,0,0,0
11594,Shea Charles,0,0,0,0,0,0,0,0
11618,Samuel Amo-Ameyaw,0,0,0,0,0,0,0,0
